id_conag,atividade_conag
21,abacate
166,abacate
167,abacate
234,abacate
684,abacate
685,abacate
982,abacate
983,abacate
1051,abacate
1256,abacate
1257,abacate
1264,abacate
1265,abacate
1451,abacate
1560,abacate
1561,abacate
1566,abacate
1599,abacate
1684,abacate
1688,abacate
1842,abacate
1843,abacate
1844,abacate
1854,abacate
1855,abacate
1880,abacate
2132,abacate
2133,abacate
2138,abacate
2336,abacate
2337,abacate
2380,abacate
2381,abacate
2569,abacate
2668,abacate
2669,abacate
2674,abacate
2675,abacate
2696,abacate
2697,abacate
2869,abacate
2870,abacate
2876,abacate
2973,abacate
3045,abacate
3046,abacate
3152,abacate
3312,abacate
3313,abacate
3335,abacate
3336,abacate
3471,abacate
3472,abacate
3569,abacate
3575,abacate
3579,abacate
3580,abacate
3587,abacate
3588,abacate
3589,abacate
3590,abacate
3591,abacate
3611,abacate
3617,abacate
3618,abacate
3645,abacate
3646,abacate
3814,abacate
3815,abacate
3909,abacate
3910,abacate
3911,abacate
3912,abacate
3913,abacate
3914,abacate
3915,abacate
3916,abacate
3917,abacate
3918,abacate
3919,abacate
3920,abacate
3921,abacate
3922,abacate
3923,abacate
3924,abacate
3925,abacate
3926,abacate
3927,abacate
3928,abacate
4181,abacate
4797,abacate
4947,abacate
5041,abacate
5042,abacate
5156,abacate
5157,abacate
5258,abacate
5259,abacate
5666,abacate
5827,abacate
5828,abacate
5858,abacate
5859,abacate
5860,abacate
5861,abacate
5862,abacate
5863,abacate
5864,abacate
5865,abacate
5866,abacate
5867,abacate
5868,abacate
5869,abacate
6041,abacate
6042,abacate
6059,abacate
6087,abacate
6128,abacate
6222,abacate
6223,abacate
6236,abacate
6237,abacate
6238,abacate
6239,abacate
6240,abacate
6241,abacate
6242,abacate
6243,abacate
6244,abacate
6245,abacate
6246,abacate
6247,abacate
6248,abacate
6249,abacate
6250,abacate
6251,abacate
6252,abacate
6253,abacate
6254,abacate
6255,abacate
6256,abacate
6257,abacate
6258,abacate
6259,abacate
6499,abacate
6500,abacate
6528,abacate
6582,abacate
6658,abacate
6806,abacate
7115,abacate
7200,abacate
7219,abacate
7271,abacate
7397,abacate
7534,abacate
7702,abacate
7703,abacate
7709,abacate
7710,abacate
7867,abacate
7887,abacate
7888,abacate
8469,abacate
8470,abacate
8471,abacate
8472,abacate
8473,abacate
8474,abacate
8665,abacate
8759,abacate
8760,abacate
8761,abacate
8762,abacate
8771,abacate
8772,abacate
8773,abacate
8774,abacate
9290,abacate
9541,abacate
9542,abacate
9551,abacate
9552,abacate
4,cana
6,cana
8,cana
9,cana
10,cana
11,cana
12,cana
17,cana
18,cana
20,cana
23,cana
30,cana
39,cana
58,cana
59,cana
62,cana
64,cana
69,cana
70,cana
71,cana
72,cana
73,cana
74,cana
94,cana
109,cana
118,cana
119,cana
120,cana
121,cana
122,cana
123,cana
124,cana
125,cana
126,cana
127,cana
144,cana
145,cana
146,cana
149,cana
151,cana
152,cana
156,cana
178,cana
179,cana
208,cana
209,cana
210,cana
211,cana
212,cana
215,cana
217,cana
232,cana
235,cana
249,cana
251,cana
252,cana
253,cana
254,cana
255,cana
256,cana
257,cana
258,cana
282,cana
283,cana
284,cana
325,cana
328,cana
336,cana
337,cana
347,cana
348,cana
349,cana
350,cana
351,cana
352,cana
353,cana
354,cana
357,cana
358,cana
359,cana
360,cana
361,cana
362,cana
363,cana
386,cana
525,cana
526,cana
527,cana
561,cana
562,cana
612,cana
619,cana
680,cana
682,cana
683,cana
686,cana
687,cana
688,cana
689,cana
690,cana
692,cana
721,cana
727,cana
736,cana
753,cana
754,cana
765,cana
766,cana
777,cana
802,cana
805,cana
806,cana
807,cana
808,cana
809,cana
810,cana
811,cana
812,cana
819,cana
820,cana
821,cana
822,cana
823,cana
824,cana
825,cana
828,cana
829,cana
839,cana
841,cana
924,cana
931,cana
955,cana
971,cana
976,cana
984,cana
985,cana
986,cana
987,cana
988,cana
989,cana
1019,cana
1038,cana
1057,cana
1129,cana
1140,cana
1145,cana
1162,cana
1163,cana
1184,cana
1185,cana
1224,cana
1233,cana
1234,cana
1245,cana
1251,cana
1253,cana
1258,cana
1259,cana
1260,cana
1261,cana
1405,cana
1432,cana
1458,cana
1461,cana
1462,cana
1489,cana
1490,cana
1491,cana
1492,cana
1527,cana
1529,cana
1530,cana
1532,cana
1534,cana
1548,cana
1549,cana
1550,cana
1562,cana
1563,cana
1564,cana
1565,cana
1567,cana
1583,cana
1591,cana
1592,cana
1593,cana
1595,cana
1598,cana
1627,cana
1640,cana
1641,cana
1642,cana
1643,cana
1645,cana
1667,cana
1678,cana
1679,cana
1689,cana
1690,cana
1691,cana
1707,cana
1708,cana
1709,cana
1710,cana
1711,cana
1712,cana
1715,cana
1724,cana
1735,cana
1778,cana
1788,cana
1789,cana
1790,cana
1802,cana
1803,cana
1830,cana
1831,cana
1845,cana
1846,cana
1847,cana
1848,cana
1849,cana
1875,cana
1881,cana
1967,cana
1990,cana
1991,cana
1992,cana
1993,cana
1994,cana
1995,cana
2007,cana
2008,cana
2009,cana
2010,cana
2011,cana
2012,cana
2013,cana
2014,cana
2015,cana
2016,cana
2017,cana
2018,cana
2022,cana
2031,cana
2032,cana
2052,cana
2056,cana
2060,cana
2068,cana
2072,cana
2081,cana
2106,cana
2109,cana
2119,cana
2121,cana
2124,cana
2130,cana
2134,cana
2135,cana
2136,cana
2137,cana
2177,cana
2198,cana
2199,cana
2232,cana
2233,cana
2245,cana
2247,cana
2253,cana
2259,cana
2260,cana
2261,cana
2315,cana
2322,cana
2330,cana
2334,cana
2335,cana
2343,cana
2369,cana
2382,cana
2383,cana
2384,cana
2385,cana
2400,cana
2401,cana
2402,cana
2403,cana
2405,cana
2411,cana
2413,cana
2430,cana
2433,cana
2435,cana
2437,cana
2440,cana
2448,cana
2494,cana
2496,cana
2504,cana
2506,cana
2532,cana
2542,cana
2543,cana
2544,cana
2545,cana
2546,cana
2547,cana
2548,cana
2549,cana
2550,cana
2551,cana
2552,cana
2553,cana
2554,cana
2555,cana
2556,cana
2557,cana
2558,cana
2559,cana
2560,cana
2561,cana
2562,cana
2563,cana
2564,cana
2565,cana
2566,cana
2567,cana
2568,cana
2570,cana
2571,cana
2572,cana
2573,cana
2574,cana
2575,cana
2576,cana
2577,cana
2606,cana
2621,cana
2622,cana
2623,cana
2629,cana
2630,cana
2631,cana
2632,cana
2640,cana
2643,cana
2646,cana
2647,cana
2660,cana
2661,cana
2670,cana
2671,cana
2672,cana
2673,cana
2676,cana
2679,cana
2688,cana
2694,cana
2695,cana
2698,cana
2699,cana
2700,cana
2701,cana
2714,cana
2715,cana
2726,cana
2738,cana
2745,cana
2746,cana
2747,cana
2748,cana
2749,cana
2750,cana
2756,cana
2871,cana
2872,cana
2873,cana
2874,cana
2879,cana
2880,cana
2906,cana
2931,cana
2943,cana
2944,cana
2945,cana
2946,cana
2947,cana
2971,cana
2972,cana
2975,cana
2977,cana
2978,cana
2984,cana
3013,cana
3030,cana
3047,cana
3048,cana
3049,cana
3050,cana
3086,cana
3088,cana
3089,cana
3094,cana
3102,cana
3142,cana
3143,cana
3196,cana
3197,cana
3199,cana
3200,cana
3201,cana
3202,cana
3203,cana
3204,cana
3232,cana
3275,cana
3276,cana
3277,cana
3278,cana
3279,cana
3280,cana
3281,cana
3282,cana
3283,cana
3284,cana
3285,cana
3286,cana
3298,cana
3299,cana
3300,cana
3301,cana
3302,cana
3303,cana
3304,cana
3305,cana
3306,cana
3307,cana
3308,cana
3309,cana
3310,cana
3311,cana
3314,cana
3315,cana
3316,cana
3317,cana
3332,cana
3333,cana
3338,cana
3339,cana
3361,cana
3362,cana
3385,cana
3388,cana
3389,cana
3390,cana
3391,cana
3392,cana
3393,cana
3394,cana
3433,cana
3434,cana
3435,cana
3436,cana
3437,cana
3438,cana
3439,cana
3441,cana
3442,cana
3443,cana
3444,cana
3473,cana
3474,cana
3475,cana
3476,cana
3478,cana
3479,cana
3480,cana
3481,cana
3482,cana
3483,cana
3484,cana
3485,cana
3491,cana
3496,cana
3498,cana
3499,cana
3513,cana
3514,cana
3523,cana
3524,cana
3530,cana
3547,cana
3548,cana
3567,cana
3568,cana
3571,cana
3572,cana
3647,cana
3648,cana
3649,cana
3650,cana
3651,cana
3663,cana
3672,cana
3674,cana
3692,cana
3694,cana
3695,cana
3729,cana
3735,cana
3785,cana
3787,cana
3792,cana
3793,cana
3794,cana
3795,cana
3801,cana
3816,cana
3817,cana
3818,cana
3819,cana
3822,cana
3823,cana
3824,cana
3838,cana
3860,cana
3871,cana
3872,cana
3873,cana
3904,cana
3905,cana
3906,cana
3907,cana
3908,cana
3929,cana
3930,cana
3931,cana
3932,cana
3933,cana
3934,cana
3935,cana
3936,cana
3937,cana
3938,cana
3939,cana
3940,cana
3941,cana
3942,cana
3943,cana
3944,cana
3945,cana
3946,cana
3947,cana
3948,cana
3949,cana
3950,cana
3951,cana
3952,cana
3953,cana
3954,cana
3955,cana
3956,cana
3957,cana
3958,cana
3959,cana
3960,cana
3961,cana
3962,cana
3963,cana
3964,cana
3965,cana
3966,cana
3967,cana
3968,cana
3969,cana
3970,cana
3971,cana
3987,cana
4036,cana
4037,cana
4038,cana
4039,cana
4066,cana
4067,cana
4068,cana
4074,cana
4075,cana
4104,cana
4148,cana
4150,cana
4153,cana
4160,cana
4161,cana
4162,cana
4163,cana
4164,cana
4165,cana
4166,cana
4167,cana
4168,cana
4169,cana
4170,cana
4171,cana
4172,cana
4173,cana
4174,cana
4175,cana
4176,cana
4177,cana
4178,cana
4179,cana
4180,cana
4185,cana
4186,cana
4187,cana
4188,cana
4189,cana
4206,cana
4207,cana
4208,cana
4242,cana
4243,cana
4247,cana
4248,cana
4250,cana
4251,cana
4255,cana
4256,cana
4262,cana
4264,cana
4266,cana
4270,cana
4275,cana
4276,cana
4288,cana
4298,cana
4370,cana
4374,cana
4428,cana
4441,cana
4451,cana
4452,cana
4453,cana
4456,cana
4457,cana
4459,cana
4482,cana
4483,cana
4493,cana
4494,cana
4495,cana
4496,cana
4497,cana
4498,cana
4503,cana
4509,cana
4511,cana
4512,cana
4513,cana
4514,cana
4515,cana
4525,cana
4526,cana
4528,cana
4540,cana
4541,cana
4542,cana
4543,cana
4562,cana
4563,cana
4564,cana
4565,cana
4570,cana
4578,cana
4579,cana
4580,cana
4581,cana
4585,cana
4606,cana
4608,cana
4609,cana
4637,cana
4645,cana
4646,cana
4661,cana
4662,cana
4663,cana
4668,cana
4669,cana
4708,cana
4730,cana
4731,cana
4732,cana
4773,cana
4774,cana
4808,cana
4820,cana
4833,cana
4927,cana
4928,cana
4929,cana
4943,cana
4944,cana
4948,cana
4966,cana
4968,cana
4969,cana
4970,cana
4971,cana
4972,cana
4973,cana
4974,cana
4999,cana
5000,cana
5001,cana
5002,cana
5003,cana
5004,cana
5005,cana
5006,cana
5007,cana
5008,cana
5009,cana
5010,cana
5011,cana
5012,cana
5013,cana
5014,cana
5015,cana
5016,cana
5017,cana
5018,cana
5019,cana
5020,cana
5021,cana
5022,cana
5024,cana
5043,cana
5044,cana
5045,cana
5046,cana
5047,cana
5049,cana
5050,cana
5051,cana
5054,cana
5055,cana
5056,cana
5057,cana
5058,cana
5065,cana
5066,cana
5067,cana
5068,cana
5069,cana
5070,cana
5071,cana
5072,cana
5073,cana
5074,cana
5075,cana
5076,cana
5077,cana
5078,cana
5086,cana
5087,cana
5088,cana
5089,cana
5101,cana
5102,cana
5103,cana
5125,cana
5153,cana
5158,cana
5159,cana
5160,cana
5162,cana
5168,cana
5231,cana
5252,cana
5253,cana
5254,cana
5255,cana
5256,cana
5257,cana
5260,cana
5261,cana
5262,cana
5263,cana
5266,cana
5267,cana
5268,cana
5269,cana
5270,cana
5271,cana
5273,cana
5274,cana
5345,cana
5434,cana
5482,cana
5483,cana
5516,cana
5520,cana
5521,cana
5522,cana
5523,cana
5524,cana
5528,cana
5529,cana
5530,cana
5532,cana
5535,cana
5536,cana
5554,cana
5555,cana
5571,cana
5572,cana
5573,cana
5577,cana
5578,cana
5579,cana
5580,cana
5581,cana
5582,cana
5583,cana
5584,cana
5585,cana
5586,cana
5587,cana
5588,cana
5589,cana
5590,cana
5591,cana
5592,cana
5593,cana
5594,cana
5595,cana
5596,cana
5597,cana
5598,cana
5599,cana
5600,cana
5601,cana
5602,cana
5603,cana
5648,cana
5649,cana
5664,cana
5665,cana
5676,cana
5710,cana
5711,cana
5712,cana
5713,cana
5714,cana
5715,cana
5716,cana
5717,cana
5718,cana
5719,cana
5720,cana
5721,cana
5735,cana
5736,cana
5737,cana
5738,cana
5739,cana
5740,cana
5741,cana
5746,cana
5747,cana
5755,cana
5756,cana
5758,cana
5759,cana
5760,cana
5761,cana
5762,cana
5763,cana
5764,cana
5765,cana
5766,cana
5767,cana
5768,cana
5769,cana
5846,cana
5847,cana
5852,cana
5857,cana
5871,cana
5909,cana
5926,cana
5944,cana
5971,cana
5984,cana
5985,cana
5994,cana
6039,cana
6040,cana
6046,cana
6060,cana
6062,cana
6063,cana
6066,cana
6068,cana
6070,cana
6079,cana
6088,cana
6092,cana
6127,cana
6129,cana
6130,cana
6131,cana
6132,cana
6133,cana
6134,cana
6136,cana
6146,cana
6158,cana
6159,cana
6160,cana
6161,cana
6162,cana
6163,cana
6164,cana
6165,cana
6166,cana
6167,cana
6176,cana
6210,cana
6211,cana
6212,cana
6213,cana
6214,cana
6215,cana
6216,cana
6217,cana
6218,cana
6260,cana
6261,cana
6262,cana
6263,cana
6264,cana
6265,cana
6266,cana
6267,cana
6268,cana
6269,cana
6270,cana
6271,cana
6272,cana
6273,cana
6274,cana
6275,cana
6276,cana
6277,cana
6278,cana
6279,cana
6280,cana
6281,cana
6282,cana
6283,cana
6284,cana
6285,cana
6286,cana
6287,cana
6288,cana
6289,cana
6290,cana
6291,cana
6292,cana
6293,cana
6294,cana
6295,cana
6296,cana
6297,cana
6298,cana
6299,cana
6300,cana
6301,cana
6302,cana
6303,cana
6304,cana
6305,cana
6306,cana
6307,cana
6308,cana
6309,cana
6310,cana
6311,cana
6312,cana
6313,cana
6314,cana
6320,cana
6321,cana
6352,cana
6353,cana
6354,cana
6355,cana
6356,cana
6357,cana
6371,cana
6372,cana
6374,cana
6415,cana
6446,cana
6447,cana
6448,cana
6452,cana
6458,cana
6472,cana
6475,cana
6488,cana
6502,cana
6517,cana
6519,cana
6526,cana
6527,cana
6555,cana
6556,cana
6560,cana
6561,cana
6562,cana
6563,cana
6564,cana
6575,cana
6576,cana
6581,cana
6583,cana
6584,cana
6596,cana
6597,cana
6604,cana
6605,cana
6606,cana
6643,cana
6644,cana
6671,cana
6688,cana
6689,cana
6690,cana
6691,cana
6692,cana
6693,cana
6694,cana
6695,cana
6696,cana
6697,cana
6698,cana
6699,cana
6700,cana
6701,cana
6702,cana
6703,cana
6704,cana
6705,cana
6706,cana
6707,cana
6708,cana
6709,cana
6717,cana
6721,cana
6725,cana
6727,cana
6728,cana
6729,cana
6730,cana
6731,cana
6732,cana
6741,cana
6753,cana
6754,cana
6755,cana
6756,cana
6758,cana
6759,cana
6772,cana
6773,cana
6784,cana
6794,cana
6795,cana
6796,cana
6797,cana
6798,cana
6799,cana
6810,cana
6811,cana
6812,cana
6818,cana
6819,cana
6820,cana
6823,cana
6840,cana
6841,cana
6854,cana
6855,cana
6904,cana
6905,cana
6910,cana
6913,cana
6914,cana
6916,cana
6918,cana
6928,cana
6929,cana
6930,cana
6940,cana
6966,cana
6971,cana
6972,cana
6982,cana
6983,cana
7006,cana
7007,cana
7008,cana
7009,cana
7010,cana
7012,cana
7013,cana
7016,cana
7018,cana
7021,cana
7022,cana
7023,cana
7026,cana
7047,cana
7048,cana
7049,cana
7065,cana
7066,cana
7067,cana
7068,cana
7069,cana
7070,cana
7071,cana
7072,cana
7073,cana
7074,cana
7075,cana
7081,cana
7082,cana
7116,cana
7127,cana
7129,cana
7176,cana
7180,cana
7181,cana
7195,cana
7198,cana
7201,cana
7211,cana
7217,cana
7218,cana
7244,cana
7245,cana
7255,cana
7257,cana
7258,cana
7259,cana
7260,cana
7261,cana
7262,cana
7263,cana
7264,cana
7265,cana
7279,cana
7280,cana
7281,cana
7282,cana
7283,cana
7284,cana
7285,cana
7286,cana
7287,cana
7288,cana
7289,cana
7292,cana
7303,cana
7304,cana
7305,cana
7307,cana
7322,cana
7323,cana
7324,cana
7325,cana
7326,cana
7327,cana
7343,cana
7355,cana
7356,cana
7394,cana
7395,cana
7396,cana
7398,cana
7399,cana
7410,cana
7429,cana
7430,cana
7435,cana
7436,cana
7450,cana
7458,cana
7466,cana
7467,cana
7468,cana
7469,cana
7470,cana
7471,cana
7472,cana
7473,cana
7492,cana
7493,cana
7501,cana
7502,cana
7503,cana
7506,cana
7511,cana
7518,cana
7520,cana
7521,cana
7538,cana
7539,cana
7541,cana
7542,cana
7568,cana
7585,cana
7586,cana
7587,cana
7596,cana
7597,cana
7598,cana
7602,cana
7615,cana
7618,cana
7619,cana
7636,cana
7643,cana
7651,cana
7652,cana
7654,cana
7655,cana
7656,cana
7660,cana
7689,cana
7690,cana
7691,cana
7692,cana
7693,cana
7694,cana
7695,cana
7696,cana
7701,cana
7704,cana
7705,cana
7706,cana
7711,cana
7712,cana
7713,cana
7717,cana
7718,cana
7719,cana
7720,cana
7721,cana
7722,cana
7723,cana
7724,cana
7729,cana
7730,cana
7738,cana
7739,cana
7743,cana
7744,cana
7745,cana
7746,cana
7747,cana
7748,cana
7749,cana
7750,cana
7755,cana
7776,cana
7777,cana
7778,cana
7779,cana
7780,cana
7781,cana
7783,cana
7784,cana
7803,cana
7807,cana
7811,cana
7812,cana
7866,cana
7868,cana
7869,cana
7870,cana
7889,cana
7890,cana
7891,cana
7897,cana
7902,cana
7904,cana
7905,cana
7906,cana
7907,cana
7908,cana
7909,cana
7910,cana
7911,cana
7937,cana
7938,cana
7939,cana
7940,cana
7941,cana
7942,cana
8090,cana
8091,cana
8117,cana
8118,cana
8149,cana
8150,cana
8151,cana
8152,cana
8153,cana
8188,cana
8189,cana
8190,cana
8193,cana
8194,cana
8195,cana
8196,cana
8198,cana
8225,cana
8249,cana
8250,cana
8251,cana
8264,cana
8265,cana
8267,cana
8268,cana
8269,cana
8270,cana
8271,cana
8277,cana
8294,cana
8295,cana
8296,cana
8297,cana
8298,cana
8299,cana
8300,cana
8371,cana
8372,cana
8374,cana
8375,cana
8392,cana
8393,cana
8395,cana
8422,cana
8423,cana
8424,cana
8455,cana
8457,cana
8458,cana
8459,cana
8460,cana
8461,cana
8462,cana
8498,cana
8520,cana
8521,cana
8522,cana
8523,cana
8524,cana
8525,cana
8530,cana
8564,cana
8565,cana
8566,cana
8567,cana
8568,cana
8569,cana
8570,cana
8571,cana
8572,cana
8573,cana
8587,cana
8588,cana
8632,cana
8647,cana
8666,cana
8667,cana
8668,cana
8675,cana
8676,cana
8702,cana
8722,cana
8732,cana
8733,cana
8739,cana
8740,cana
8741,cana
8742,cana
8783,cana
8784,cana
8785,cana
8786,cana
8795,cana
8796,cana
8797,cana
8798,cana
8807,cana
8808,cana
8809,cana
8810,cana
8819,cana
8820,cana
8821,cana
8822,cana
8831,cana
8836,cana
8837,cana
8838,cana
8839,cana
8840,cana
8844,cana
8845,cana
8846,cana
8847,cana
8848,cana
8920,cana
8922,cana
8925,cana
8926,cana
8927,cana
8949,cana
8950,cana
8952,cana
8953,cana
8954,cana
8955,cana
8977,cana
8992,cana
8993,cana
8994,cana
8995,cana
8996,cana
8997,cana
8998,cana
8999,cana
9000,cana
9001,cana
9002,cana
9003,cana
9004,cana
9005,cana
9006,cana
9007,cana
9008,cana
9009,cana
9017,cana
9018,cana
9019,cana
9047,cana
9048,cana
9053,cana
9072,cana
9074,cana
9075,cana
9076,cana
9077,cana
9086,cana
9087,cana
9088,cana
9089,cana
9123,cana
9125,cana
9126,cana
9127,cana
9128,cana
9129,cana
9130,cana
9140,cana
9141,cana
9142,cana
9156,cana
9160,cana
9161,cana
9162,cana
9163,cana
9164,cana
9165,cana
9166,cana
9167,cana
9179,cana
9186,cana
9187,cana
9195,cana
9197,cana
9198,cana
9199,cana
9200,cana
9201,cana
9212,cana
9213,cana
9214,cana
9215,cana
9216,cana
9217,cana
9218,cana
9219,cana
9220,cana
9221,cana
9241,cana
9242,cana
9253,cana
9254,cana
9255,cana
9266,cana
9267,cana
9268,cana
9269,cana
9277,cana
9284,cana
9285,cana
9286,cana
9287,cana
9288,cana
9291,cana
9292,cana
9293,cana
9294,cana
9295,cana
9296,cana
9297,cana
9298,cana
9307,cana
9329,cana
9330,cana
9331,cana
9346,cana
9347,cana
9350,cana
9351,cana
9355,cana
9358,cana
9359,cana
9364,cana
9380,cana
9381,cana
9387,cana
9388,cana
9389,cana
9397,cana
9398,cana
9421,cana
9422,cana
9428,cana
9432,cana
9433,cana
9434,cana
9435,cana
9436,cana
9446,cana
9447,cana
9449,cana
9450,cana
9452,cana
9453,cana
9454,cana
9455,cana
9456,cana
9461,cana
9462,cana
9464,cana
9465,cana
9466,cana
9476,cana
9478,cana
9479,cana
9480,cana
9484,cana
9485,cana
9486,cana
9491,cana
9495,cana
9497,cana
9498,cana
9499,cana
9507,cana
9515,cana
9517,cana
9519,cana
9520,cana
9521,cana
9522,cana
9524,cana
9525,cana
9526,cana
9532,cana
9533,cana
9561,cana
9570,cana
9571,cana
9580,cana
9581,cana
9590,cana
9591,cana
9614,cana
9615,cana
9616,cana
9617,cana
9618,cana
9619,cana
9620,cana
9621,cana
9622,cana
9623,cana
9625,cana
9640,cana
9641,cana
9647,cana
9648,cana
9649,cana
9654,cana
9655,cana
9660,cana
9663,cana
9664,cana
9666,cana
9671,cana
9675,cana
9676,cana
9680,cana
9689,cana
9691,cana
9692,cana
9693,cana
9697,cana
9698,cana
9703,cana
9704,cana
9705,cana
9710,cana
9711,cana
9712,cana
9713,cana
9714,cana
9715,cana
9728,cana
9730,cana
9731,cana
9732,cana
9733,cana
9734,cana
9735,cana
9736,cana
9737,cana
9738,cana
9739,cana
9740,cana
9741,cana
9742,cana
9743,cana
9744,cana
9750,cana
9751,cana
9752,cana
9753,cana
9754,cana
9755,cana
9756,cana
9761,cana
9764,cana
9765,cana
9767,cana
9768,cana
9769,cana
9770,cana
9771,cana
9772,cana
9773,cana
9774,cana
9775,cana
9776,cana
9777,cana
9778,cana
9782,cana
9783,cana
9784,cana
9785,cana
9786,cana
9788,cana
9789,cana
9790,cana
9791,cana
9793,cana
9794,cana
9795,cana
9796,cana
9797,cana
9798,cana
9799,cana
9800,cana
9802,cana
9814,cana
9820,cana
9821,cana
9822,cana
9825,cana
9826,cana
9827,cana
9828,cana
9830,cana
9831,cana
9832,cana
9833,cana
9834,cana
9835,cana
9836,cana
9850,cana
9857,cana
9858,cana
9859,cana
9860,cana
9861,cana
9863,cana
9864,cana
9866,cana
9872,cana
9874,cana
9875,cana
9876,cana
9877,cana
9882,cana
9883,cana
9904,cana
9908,cana
9909,cana
9910,cana
9911,cana
9912,cana
9913,cana
9914,cana
9915,cana
9916,cana
9917,cana
9918,cana
9920,cana
9961,cana
9982,cana
9983,cana
9984,cana
9987,cana
9988,cana
9989,cana
9990,cana
10001,cana
10022,cana
10030,cana
10044,cana
10045,cana
10046,cana
3988,milheto
2904,milho
2926,milho
2963,milho
3188,milho
3189,milho
5675,milho
5877,milho
5903,milho
5907,milho
5949,milho
6029,milho
6043,milho
6053,milho
6081,milho
6208,milho
6444,milho
6451,milho
6603,milho
6790,milho
6791,milho
6792,milho
6793,milho
6892,milho
6893,milho
6936,milho
6941,milho
6942,milho
7952,milho
8080,milho
8101,milho
8102,milho
8103,milho
8104,milho
8223,milho
8233,milho
8234,milho
8235,milho
8245,milho
8403,milho
8404,milho
8405,milho
8406,milho
8515,milho
8516,milho
8517,milho
8518,milho
8540,milho
8616,milho
8650,milho
8651,milho
8652,milho
8653,milho
8654,milho
8655,milho
8656,milho
8657,milho
8687,milho
8698,milho
8699,milho
8700,milho
8701,milho
9339,milho
9369,milho
9384,milho
9386,milho
9417,milho
9418,milho
9427,milho
9458,milho
9459,milho
9490,milho
2,pecuaria
3,pecuaria
15,pecuaria
22,pecuaria
35,pecuaria
55,pecuaria
56,pecuaria
57,pecuaria
65,pecuaria
66,pecuaria
76,pecuaria
77,pecuaria
78,pecuaria
79,pecuaria
80,pecuaria
95,pecuaria
96,pecuaria
97,pecuaria
100,pecuaria
101,pecuaria
104,pecuaria
105,pecuaria
115,pecuaria
117,pecuaria
135,pecuaria
136,pecuaria
137,pecuaria
139,pecuaria
141,pecuaria
142,pecuaria
143,pecuaria
155,pecuaria
161,pecuaria
162,pecuaria
165,pecuaria
173,pecuaria
174,pecuaria
175,pecuaria
185,pecuaria
186,pecuaria
190,pecuaria
191,pecuaria
192,pecuaria
193,pecuaria
194,pecuaria
199,pecuaria
207,pecuaria
216,pecuaria
218,pecuaria
219,pecuaria
220,pecuaria
221,pecuaria
223,pecuaria
226,pecuaria
228,pecuaria
229,pecuaria
230,pecuaria
231,pecuaria
233,pecuaria
239,pecuaria
241,pecuaria
243,pecuaria
245,pecuaria
247,pecuaria
248,pecuaria
250,pecuaria
259,pecuaria
260,pecuaria
261,pecuaria
262,pecuaria
264,pecuaria
270,pecuaria
272,pecuaria
276,pecuaria
280,pecuaria
288,pecuaria
306,pecuaria
333,pecuaria
334,pecuaria
364,pecuaria
365,pecuaria
366,pecuaria
367,pecuaria
368,pecuaria
369,pecuaria
370,pecuaria
371,pecuaria
372,pecuaria
373,pecuaria
374,pecuaria
375,pecuaria
376,pecuaria
377,pecuaria
383,pecuaria
384,pecuaria
389,pecuaria
405,pecuaria
407,pecuaria
410,pecuaria
414,pecuaria
558,pecuaria
559,pecuaria
560,pecuaria
563,pecuaria
572,pecuaria
573,pecuaria
574,pecuaria
575,pecuaria
576,pecuaria
577,pecuaria
578,pecuaria
579,pecuaria
588,pecuaria
589,pecuaria
590,pecuaria
591,pecuaria
592,pecuaria
593,pecuaria
594,pecuaria
595,pecuaria
596,pecuaria
597,pecuaria
598,pecuaria
599,pecuaria
604,pecuaria
613,pecuaria
615,pecuaria
617,pecuaria
618,pecuaria
629,pecuaria
630,pecuaria
631,pecuaria
632,pecuaria
633,pecuaria
653,pecuaria
662,pecuaria
669,pecuaria
670,pecuaria
675,pecuaria
693,pecuaria
694,pecuaria
704,pecuaria
705,pecuaria
706,pecuaria
707,pecuaria
709,pecuaria
710,pecuaria
711,pecuaria
712,pecuaria
713,pecuaria
714,pecuaria
715,pecuaria
716,pecuaria
720,pecuaria
724,pecuaria
728,pecuaria
735,pecuaria
746,pecuaria
749,pecuaria
751,pecuaria
752,pecuaria
757,pecuaria
758,pecuaria
767,pecuaria
768,pecuaria
771,pecuaria
772,pecuaria
773,pecuaria
775,pecuaria
787,pecuaria
799,pecuaria
803,pecuaria
816,pecuaria
818,pecuaria
826,pecuaria
827,pecuaria
836,pecuaria
837,pecuaria
840,pecuaria
915,pecuaria
919,pecuaria
920,pecuaria
923,pecuaria
926,pecuaria
927,pecuaria
932,pecuaria
933,pecuaria
937,pecuaria
942,pecuaria
946,pecuaria
952,pecuaria
959,pecuaria
963,pecuaria
964,pecuaria
969,pecuaria
990,pecuaria
991,pecuaria
993,pecuaria
994,pecuaria
996,pecuaria
1031,pecuaria
1033,pecuaria
1034,pecuaria
1036,pecuaria
1039,pecuaria
1042,pecuaria
1043,pecuaria
1048,pecuaria
1049,pecuaria
1050,pecuaria
1052,pecuaria
1056,pecuaria
1058,pecuaria
1068,pecuaria
1069,pecuaria
1071,pecuaria
1074,pecuaria
1087,pecuaria
1089,pecuaria
1090,pecuaria
1094,pecuaria
1130,pecuaria
1131,pecuaria
1132,pecuaria
1133,pecuaria
1134,pecuaria
1135,pecuaria
1139,pecuaria
1141,pecuaria
1143,pecuaria
1144,pecuaria
1147,pecuaria
1148,pecuaria
1155,pecuaria
1156,pecuaria
1157,pecuaria
1158,pecuaria
1168,pecuaria
1170,pecuaria
1171,pecuaria
1172,pecuaria
1173,pecuaria
1174,pecuaria
1175,pecuaria
1176,pecuaria
1177,pecuaria
1178,pecuaria
1179,pecuaria
1180,pecuaria
1186,pecuaria
1187,pecuaria
1188,pecuaria
1189,pecuaria
1190,pecuaria
1192,pecuaria
1193,pecuaria
1194,pecuaria
1207,pecuaria
1208,pecuaria
1209,pecuaria
1217,pecuaria
1218,pecuaria
1220,pecuaria
1235,pecuaria
1236,pecuaria
1240,pecuaria
1241,pecuaria
1242,pecuaria
1243,pecuaria
1244,pecuaria
1250,pecuaria
1252,pecuaria
1254,pecuaria
1313,pecuaria
1317,pecuaria
1322,pecuaria
1411,pecuaria
1427,pecuaria
1428,pecuaria
1438,pecuaria
1439,pecuaria
1445,pecuaria
1455,pecuaria
1456,pecuaria
1457,pecuaria
1460,pecuaria
1464,pecuaria
1465,pecuaria
1466,pecuaria
1467,pecuaria
1472,pecuaria
1481,pecuaria
1482,pecuaria
1483,pecuaria
1484,pecuaria
1488,pecuaria
1494,pecuaria
1506,pecuaria
1507,pecuaria
1508,pecuaria
1522,pecuaria
1523,pecuaria
1524,pecuaria
1525,pecuaria
1526,pecuaria
1557,pecuaria
1568,pecuaria
1570,pecuaria
1576,pecuaria
1578,pecuaria
1580,pecuaria
1582,pecuaria
1586,pecuaria
1587,pecuaria
1588,pecuaria
1602,pecuaria
1605,pecuaria
1606,pecuaria
1609,pecuaria
1610,pecuaria
1611,pecuaria
1612,pecuaria
1613,pecuaria
1617,pecuaria
1618,pecuaria
1619,pecuaria
1621,pecuaria
1625,pecuaria
1626,pecuaria
1631,pecuaria
1653,pecuaria
1656,pecuaria
1657,pecuaria
1658,pecuaria
1669,pecuaria
1670,pecuaria
1671,pecuaria
1672,pecuaria
1682,pecuaria
1685,pecuaria
1686,pecuaria
1701,pecuaria
1702,pecuaria
1703,pecuaria
1704,pecuaria
1705,pecuaria
1706,pecuaria
1714,pecuaria
1719,pecuaria
1727,pecuaria
1729,pecuaria
1730,pecuaria
1731,pecuaria
1732,pecuaria
1733,pecuaria
1734,pecuaria
1737,pecuaria
1738,pecuaria
1783,pecuaria
1784,pecuaria
1785,pecuaria
1786,pecuaria
1800,pecuaria
1805,pecuaria
1822,pecuaria
1823,pecuaria
1824,pecuaria
1826,pecuaria
1827,pecuaria
1828,pecuaria
1829,pecuaria
1832,pecuaria
1833,pecuaria
1834,pecuaria
1835,pecuaria
1840,pecuaria
1841,pecuaria
1856,pecuaria
1857,pecuaria
1861,pecuaria
1862,pecuaria
1863,pecuaria
1864,pecuaria
1865,pecuaria
1866,pecuaria
1868,pecuaria
1869,pecuaria
1872,pecuaria
1873,pecuaria
1878,pecuaria
1882,pecuaria
1883,pecuaria
1888,pecuaria
1897,pecuaria
1898,pecuaria
1908,pecuaria
1909,pecuaria
1913,pecuaria
1914,pecuaria
1921,pecuaria
1926,pecuaria
1927,pecuaria
1929,pecuaria
1937,pecuaria
1940,pecuaria
1941,pecuaria
1942,pecuaria
1943,pecuaria
1945,pecuaria
1950,pecuaria
1951,pecuaria
1952,pecuaria
1957,pecuaria
1958,pecuaria
1959,pecuaria
1968,pecuaria
1969,pecuaria
1970,pecuaria
1971,pecuaria
1972,pecuaria
1976,pecuaria
1979,pecuaria
1981,pecuaria
1983,pecuaria
1984,pecuaria
2020,pecuaria
2023,pecuaria
2024,pecuaria
2025,pecuaria
2033,pecuaria
2034,pecuaria
2040,pecuaria
2082,pecuaria
2083,pecuaria
2084,pecuaria
2094,pecuaria
2095,pecuaria
2096,pecuaria
2097,pecuaria
2098,pecuaria
2102,pecuaria
2104,pecuaria
2105,pecuaria
2107,pecuaria
2108,pecuaria
2120,pecuaria
2125,pecuaria
2131,pecuaria
2146,pecuaria
2163,pecuaria
2166,pecuaria
2168,pecuaria
2169,pecuaria
2170,pecuaria
2174,pecuaria
2175,pecuaria
2176,pecuaria
2183,pecuaria
2189,pecuaria
2190,pecuaria
2191,pecuaria
2196,pecuaria
2200,pecuaria
2201,pecuaria
2204,pecuaria
2205,pecuaria
2206,pecuaria
2207,pecuaria
2212,pecuaria
2214,pecuaria
2215,pecuaria
2216,pecuaria
2217,pecuaria
2218,pecuaria
2222,pecuaria
2223,pecuaria
2225,pecuaria
2227,pecuaria
2228,pecuaria
2230,pecuaria
2235,pecuaria
2236,pecuaria
2240,pecuaria
2251,pecuaria
2255,pecuaria
2256,pecuaria
2257,pecuaria
2258,pecuaria
2262,pecuaria
2263,pecuaria
2264,pecuaria
2265,pecuaria
2268,pecuaria
2269,pecuaria
2270,pecuaria
2271,pecuaria
2273,pecuaria
2303,pecuaria
2304,pecuaria
2305,pecuaria
2306,pecuaria
2307,pecuaria
2309,pecuaria
2312,pecuaria
2313,pecuaria
2317,pecuaria
2320,pecuaria
2321,pecuaria
2323,pecuaria
2325,pecuaria
2326,pecuaria
2327,pecuaria
2329,pecuaria
2331,pecuaria
2338,pecuaria
2339,pecuaria
2340,pecuaria
2342,pecuaria
2346,pecuaria
2349,pecuaria
2350,pecuaria
2351,pecuaria
2352,pecuaria
2353,pecuaria
2355,pecuaria
2357,pecuaria
2358,pecuaria
2361,pecuaria
2363,pecuaria
2364,pecuaria
2365,pecuaria
2366,pecuaria
2372,pecuaria
2374,pecuaria
2375,pecuaria
2390,pecuaria
2391,pecuaria
2392,pecuaria
2393,pecuaria
2394,pecuaria
2395,pecuaria
2407,pecuaria
2408,pecuaria
2409,pecuaria
2410,pecuaria
2415,pecuaria
2416,pecuaria
2417,pecuaria
2419,pecuaria
2420,pecuaria
2421,pecuaria
2422,pecuaria
2423,pecuaria
2424,pecuaria
2429,pecuaria
2431,pecuaria
2432,pecuaria
2434,pecuaria
2436,pecuaria
2443,pecuaria
2445,pecuaria
2447,pecuaria
2450,pecuaria
2452,pecuaria
2453,pecuaria
2454,pecuaria
2455,pecuaria
2456,pecuaria
2457,pecuaria
2458,pecuaria
2459,pecuaria
2460,pecuaria
2461,pecuaria
2462,pecuaria
2463,pecuaria
2464,pecuaria
2465,pecuaria
2466,pecuaria
2467,pecuaria
2468,pecuaria
2469,pecuaria
2470,pecuaria
2471,pecuaria
2472,pecuaria
2473,pecuaria
2474,pecuaria
2482,pecuaria
2483,pecuaria
2484,pecuaria
2485,pecuaria
2486,pecuaria
2487,pecuaria
2488,pecuaria
2489,pecuaria
2490,pecuaria
2491,pecuaria
2492,pecuaria
2500,pecuaria
2508,pecuaria
2510,pecuaria
2511,pecuaria
2515,pecuaria
2517,pecuaria
2521,pecuaria
2522,pecuaria
2523,pecuaria
2524,pecuaria
2525,pecuaria
2526,pecuaria
2527,pecuaria
2528,pecuaria
2529,pecuaria
2530,pecuaria
2534,pecuaria
2537,pecuaria
2538,pecuaria
2539,pecuaria
2540,pecuaria
2541,pecuaria
2587,pecuaria
2588,pecuaria
2589,pecuaria
2593,pecuaria
2594,pecuaria
2602,pecuaria
2605,pecuaria
2608,pecuaria
2613,pecuaria
2614,pecuaria
2615,pecuaria
2616,pecuaria
2618,pecuaria
2625,pecuaria
2626,pecuaria
2633,pecuaria
2634,pecuaria
2641,pecuaria
2663,pecuaria
2664,pecuaria
2665,pecuaria
2666,pecuaria
2681,pecuaria
2682,pecuaria
2683,pecuaria
2685,pecuaria
2686,pecuaria
2687,pecuaria
2689,pecuaria
2691,pecuaria
2692,pecuaria
2703,pecuaria
2705,pecuaria
2707,pecuaria
2708,pecuaria
2712,pecuaria
2713,pecuaria
2718,pecuaria
2725,pecuaria
2731,pecuaria
2737,pecuaria
2757,pecuaria
2759,pecuaria
2764,pecuaria
2765,pecuaria
2766,pecuaria
2771,pecuaria
2775,pecuaria
2776,pecuaria
2777,pecuaria
2778,pecuaria
2779,pecuaria
2780,pecuaria
2781,pecuaria
2782,pecuaria
2783,pecuaria
2784,pecuaria
2785,pecuaria
2786,pecuaria
2788,pecuaria
2789,pecuaria
2792,pecuaria
2793,pecuaria
2794,pecuaria
2795,pecuaria
2796,pecuaria
2797,pecuaria
2798,pecuaria
2802,pecuaria
2803,pecuaria
2804,pecuaria
2811,pecuaria
2813,pecuaria
2814,pecuaria
2815,pecuaria
2816,pecuaria
2818,pecuaria
2819,pecuaria
2820,pecuaria
2821,pecuaria
2824,pecuaria
2827,pecuaria
2828,pecuaria
2853,pecuaria
2855,pecuaria
2883,pecuaria
2884,pecuaria
2886,pecuaria
2887,pecuaria
2888,pecuaria
2894,pecuaria
2896,pecuaria
2897,pecuaria
2901,pecuaria
2902,pecuaria
2905,pecuaria
2907,pecuaria
2908,pecuaria
2909,pecuaria
2914,pecuaria
2917,pecuaria
2918,pecuaria
2919,pecuaria
2921,pecuaria
2922,pecuaria
2928,pecuaria
2935,pecuaria
2938,pecuaria
2939,pecuaria
2940,pecuaria
2941,pecuaria
2961,pecuaria
2976,pecuaria
2979,pecuaria
2980,pecuaria
2981,pecuaria
2982,pecuaria
2983,pecuaria
2985,pecuaria
2990,pecuaria
2992,pecuaria
2993,pecuaria
2994,pecuaria
2999,pecuaria
3004,pecuaria
3005,pecuaria
3006,pecuaria
3007,pecuaria
3008,pecuaria
3009,pecuaria
3014,pecuaria
3019,pecuaria
3020,pecuaria
3021,pecuaria
3022,pecuaria
3023,pecuaria
3024,pecuaria
3025,pecuaria
3027,pecuaria
3028,pecuaria
3034,pecuaria
3035,pecuaria
3037,pecuaria
3040,pecuaria
3072,pecuaria
3073,pecuaria
3074,pecuaria
3075,pecuaria
3076,pecuaria
3077,pecuaria
3078,pecuaria
3079,pecuaria
3080,pecuaria
3081,pecuaria
3082,pecuaria
3083,pecuaria
3084,pecuaria
3087,pecuaria
3101,pecuaria
3103,pecuaria
3104,pecuaria
3105,pecuaria
3106,pecuaria
3107,pecuaria
3108,pecuaria
3109,pecuaria
3110,pecuaria
3111,pecuaria
3112,pecuaria
3113,pecuaria
3114,pecuaria
3115,pecuaria
3116,pecuaria
3117,pecuaria
3118,pecuaria
3119,pecuaria
3120,pecuaria
3121,pecuaria
3122,pecuaria
3123,pecuaria
3124,pecuaria
3125,pecuaria
3126,pecuaria
3127,pecuaria
3128,pecuaria
3129,pecuaria
3130,pecuaria
3131,pecuaria
3132,pecuaria
3135,pecuaria
3137,pecuaria
3138,pecuaria
3141,pecuaria
3149,pecuaria
3192,pecuaria
3193,pecuaria
3205,pecuaria
3206,pecuaria
3207,pecuaria
3208,pecuaria
3209,pecuaria
3210,pecuaria
3211,pecuaria
3212,pecuaria
3213,pecuaria
3214,pecuaria
3215,pecuaria
3217,pecuaria
3224,pecuaria
3227,pecuaria
3229,pecuaria
3230,pecuaria
3243,pecuaria
3249,pecuaria
3250,pecuaria
3251,pecuaria
3256,pecuaria
3258,pecuaria
3259,pecuaria
3260,pecuaria
3263,pecuaria
3264,pecuaria
3265,pecuaria
3266,pecuaria
3267,pecuaria
3268,pecuaria
3269,pecuaria
3270,pecuaria
3271,pecuaria
3272,pecuaria
3273,pecuaria
3274,pecuaria
3289,pecuaria
3290,pecuaria
3292,pecuaria
3293,pecuaria
3297,pecuaria
3322,pecuaria
3326,pecuaria
3329,pecuaria
3330,pecuaria
3340,pecuaria
3341,pecuaria
3343,pecuaria
3344,pecuaria
3346,pecuaria
3348,pecuaria
3353,pecuaria
3365,pecuaria
3367,pecuaria
3373,pecuaria
3374,pecuaria
3380,pecuaria
3384,pecuaria
3396,pecuaria
3398,pecuaria
3400,pecuaria
3401,pecuaria
3406,pecuaria
3407,pecuaria
3408,pecuaria
3414,pecuaria
3426,pecuaria
3449,pecuaria
3452,pecuaria
3456,pecuaria
3457,pecuaria
3461,pecuaria
3462,pecuaria
3463,pecuaria
3468,pecuaria
3488,pecuaria
3490,pecuaria
3503,pecuaria
3507,pecuaria
3508,pecuaria
3539,pecuaria
3540,pecuaria
3545,pecuaria
3556,pecuaria
3559,pecuaria
3560,pecuaria
3562,pecuaria
3563,pecuaria
3564,pecuaria
3565,pecuaria
3578,pecuaria
3593,pecuaria
3594,pecuaria
3595,pecuaria
3596,pecuaria
3598,pecuaria
3601,pecuaria
3605,pecuaria
3614,pecuaria
3620,pecuaria
3622,pecuaria
3625,pecuaria
3626,pecuaria
3627,pecuaria
3628,pecuaria
3629,pecuaria
3632,pecuaria
3633,pecuaria
3634,pecuaria
3636,pecuaria
3653,pecuaria
3655,pecuaria
3658,pecuaria
3661,pecuaria
3665,pecuaria
3666,pecuaria
3668,pecuaria
3669,pecuaria
3670,pecuaria
3677,pecuaria
3679,pecuaria
3680,pecuaria
3681,pecuaria
3682,pecuaria
3683,pecuaria
3684,pecuaria
3696,pecuaria
3697,pecuaria
3703,pecuaria
3705,pecuaria
3706,pecuaria
3707,pecuaria
3708,pecuaria
3709,pecuaria
3710,pecuaria
3711,pecuaria
3712,pecuaria
3714,pecuaria
3715,pecuaria
3719,pecuaria
3724,pecuaria
3725,pecuaria
3726,pecuaria
3730,pecuaria
3732,pecuaria
3745,pecuaria
3746,pecuaria
3747,pecuaria
3748,pecuaria
3749,pecuaria
3750,pecuaria
3751,pecuaria
3752,pecuaria
3758,pecuaria
3759,pecuaria
3760,pecuaria
3765,pecuaria
3766,pecuaria
3767,pecuaria
3768,pecuaria
3769,pecuaria
3771,pecuaria
3772,pecuaria
3773,pecuaria
3774,pecuaria
3778,pecuaria
3779,pecuaria
3780,pecuaria
3781,pecuaria
3784,pecuaria
3788,pecuaria
3796,pecuaria
3798,pecuaria
3799,pecuaria
3803,pecuaria
3806,pecuaria
3808,pecuaria
3809,pecuaria
3810,pecuaria
3811,pecuaria
3825,pecuaria
3826,pecuaria
3827,pecuaria
3828,pecuaria
3829,pecuaria
3830,pecuaria
3831,pecuaria
3832,pecuaria
3834,pecuaria
3839,pecuaria
3855,pecuaria
3863,pecuaria
3864,pecuaria
3865,pecuaria
3866,pecuaria
3867,pecuaria
3869,pecuaria
3875,pecuaria
3877,pecuaria
3898,pecuaria
3899,pecuaria
3900,pecuaria
3901,pecuaria
3902,pecuaria
3903,pecuaria
3979,pecuaria
3989,pecuaria
3994,pecuaria
4004,pecuaria
4006,pecuaria
4007,pecuaria
4008,pecuaria
4011,pecuaria
4012,pecuaria
4013,pecuaria
4014,pecuaria
4018,pecuaria
4019,pecuaria
4021,pecuaria
4022,pecuaria
4025,pecuaria
4026,pecuaria
4027,pecuaria
4028,pecuaria
4029,pecuaria
4032,pecuaria
4033,pecuaria
4034,pecuaria
4035,pecuaria
4043,pecuaria
4044,pecuaria
4045,pecuaria
4046,pecuaria
4047,pecuaria
4048,pecuaria
4049,pecuaria
4050,pecuaria
4070,pecuaria
4076,pecuaria
4077,pecuaria
4078,pecuaria
4079,pecuaria
4080,pecuaria
4081,pecuaria
4088,pecuaria
4089,pecuaria
4090,pecuaria
4091,pecuaria
4095,pecuaria
4097,pecuaria
4100,pecuaria
4101,pecuaria
4103,pecuaria
4110,pecuaria
4111,pecuaria
4112,pecuaria
4119,pecuaria
4121,pecuaria
4122,pecuaria
4123,pecuaria
4124,pecuaria
4132,pecuaria
4136,pecuaria
4137,pecuaria
4138,pecuaria
4139,pecuaria
4140,pecuaria
4145,pecuaria
4146,pecuaria
4152,pecuaria
4156,pecuaria
4157,pecuaria
4201,pecuaria
4202,pecuaria
4203,pecuaria
4204,pecuaria
4205,pecuaria
4212,pecuaria
4213,pecuaria
4241,pecuaria
4249,pecuaria
4254,pecuaria
4258,pecuaria
4259,pecuaria
4267,pecuaria
4269,pecuaria
4277,pecuaria
4278,pecuaria
4279,pecuaria
4280,pecuaria
4291,pecuaria
4293,pecuaria
4294,pecuaria
4295,pecuaria
4299,pecuaria
4300,pecuaria
4301,pecuaria
4303,pecuaria
4304,pecuaria
4321,pecuaria
4349,pecuaria
4354,pecuaria
4355,pecuaria
4356,pecuaria
4357,pecuaria
4363,pecuaria
4364,pecuaria
4366,pecuaria
4367,pecuaria
4368,pecuaria
4371,pecuaria
4372,pecuaria
4396,pecuaria
4397,pecuaria
4398,pecuaria
4399,pecuaria
4400,pecuaria
4402,pecuaria
4404,pecuaria
4405,pecuaria
4406,pecuaria
4408,pecuaria
4409,pecuaria
4410,pecuaria
4412,pecuaria
4414,pecuaria
4415,pecuaria
4416,pecuaria
4424,pecuaria
4425,pecuaria
4426,pecuaria
4431,pecuaria
4432,pecuaria
4439,pecuaria
4442,pecuaria
4443,pecuaria
4444,pecuaria
4445,pecuaria
4447,pecuaria
4448,pecuaria
4454,pecuaria
4455,pecuaria
4458,pecuaria
4462,pecuaria
4472,pecuaria
4473,pecuaria
4476,pecuaria
4477,pecuaria
4479,pecuaria
4480,pecuaria
4481,pecuaria
4484,pecuaria
4491,pecuaria
4501,pecuaria
4521,pecuaria
4523,pecuaria
4530,pecuaria
4531,pecuaria
4532,pecuaria
4533,pecuaria
4534,pecuaria
4535,pecuaria
4536,pecuaria
4538,pecuaria
4545,pecuaria
4546,pecuaria
4547,pecuaria
4548,pecuaria
4550,pecuaria
4555,pecuaria
4556,pecuaria
4557,pecuaria
4558,pecuaria
4559,pecuaria
4571,pecuaria
4576,pecuaria
4577,pecuaria
4582,pecuaria
4588,pecuaria
4590,pecuaria
4591,pecuaria
4592,pecuaria
4593,pecuaria
4594,pecuaria
4595,pecuaria
4596,pecuaria
4597,pecuaria
4602,pecuaria
4604,pecuaria
4619,pecuaria
4620,pecuaria
4623,pecuaria
4638,pecuaria
4653,pecuaria
4654,pecuaria
4655,pecuaria
4656,pecuaria
4670,pecuaria
4671,pecuaria
4680,pecuaria
4681,pecuaria
4682,pecuaria
4683,pecuaria
4684,pecuaria
4685,pecuaria
4686,pecuaria
4688,pecuaria
4689,pecuaria
4691,pecuaria
4692,pecuaria
4693,pecuaria
4695,pecuaria
4696,pecuaria
4697,pecuaria
4698,pecuaria
4699,pecuaria
4700,pecuaria
4703,pecuaria
4704,pecuaria
4706,pecuaria
4709,pecuaria
4710,pecuaria
4713,pecuaria
4714,pecuaria
4715,pecuaria
4727,pecuaria
4733,pecuaria
4734,pecuaria
4736,pecuaria
4737,pecuaria
4738,pecuaria
4739,pecuaria
4743,pecuaria
4753,pecuaria
4766,pecuaria
4768,pecuaria
4780,pecuaria
4781,pecuaria
4782,pecuaria
4788,pecuaria
4789,pecuaria
4790,pecuaria
4804,pecuaria
4810,pecuaria
4825,pecuaria
4826,pecuaria
4827,pecuaria
4828,pecuaria
4830,pecuaria
4839,pecuaria
4852,pecuaria
4858,pecuaria
4861,pecuaria
4862,pecuaria
4863,pecuaria
4865,pecuaria
4866,pecuaria
4867,pecuaria
4868,pecuaria
4869,pecuaria
4870,pecuaria
4877,pecuaria
4878,pecuaria
4879,pecuaria
4880,pecuaria
4881,pecuaria
4882,pecuaria
4883,pecuaria
4884,pecuaria
4885,pecuaria
4886,pecuaria
4887,pecuaria
4888,pecuaria
4889,pecuaria
4890,pecuaria
4891,pecuaria
4892,pecuaria
4893,pecuaria
4894,pecuaria
4895,pecuaria
4896,pecuaria
4897,pecuaria
4898,pecuaria
4899,pecuaria
4900,pecuaria
4901,pecuaria
4902,pecuaria
4903,pecuaria
4904,pecuaria
4905,pecuaria
4906,pecuaria
4910,pecuaria
4911,pecuaria
4912,pecuaria
4913,pecuaria
4914,pecuaria
4945,pecuaria
4946,pecuaria
4951,pecuaria
4953,pecuaria
4956,pecuaria
4957,pecuaria
4958,pecuaria
4962,pecuaria
4984,pecuaria
4990,pecuaria
4991,pecuaria
4992,pecuaria
4993,pecuaria
5025,pecuaria
5026,pecuaria
5027,pecuaria
5028,pecuaria
5029,pecuaria
5034,pecuaria
5059,pecuaria
5085,pecuaria
5096,pecuaria
5097,pecuaria
5107,pecuaria
5110,pecuaria
5111,pecuaria
5112,pecuaria
5133,pecuaria
5134,pecuaria
5136,pecuaria
5145,pecuaria
5147,pecuaria
5167,pecuaria
5170,pecuaria
5171,pecuaria
5172,pecuaria
5173,pecuaria
5178,pecuaria
5179,pecuaria
5184,pecuaria
5187,pecuaria
5201,pecuaria
5206,pecuaria
5207,pecuaria
5208,pecuaria
5209,pecuaria
5210,pecuaria
5211,pecuaria
5212,pecuaria
5213,pecuaria
5214,pecuaria
5215,pecuaria
5218,pecuaria
5222,pecuaria
5223,pecuaria
5229,pecuaria
5234,pecuaria
5246,pecuaria
5247,pecuaria
5248,pecuaria
5249,pecuaria
5265,pecuaria
5275,pecuaria
5276,pecuaria
5278,pecuaria
5280,pecuaria
5281,pecuaria
5289,pecuaria
5292,pecuaria
5293,pecuaria
5294,pecuaria
5295,pecuaria
5300,pecuaria
5301,pecuaria
5310,pecuaria
5317,pecuaria
5318,pecuaria
5366,pecuaria
5392,pecuaria
5408,pecuaria
5409,pecuaria
5410,pecuaria
5411,pecuaria
5412,pecuaria
5413,pecuaria
5414,pecuaria
5415,pecuaria
5416,pecuaria
5417,pecuaria
5418,pecuaria
5419,pecuaria
5473,pecuaria
5509,pecuaria
5514,pecuaria
5517,pecuaria
5531,pecuaria
5533,pecuaria
5537,pecuaria
5538,pecuaria
5542,pecuaria
5543,pecuaria
5560,pecuaria
5566,pecuaria
5567,pecuaria
5568,pecuaria
5569,pecuaria
5574,pecuaria
5576,pecuaria
5620,pecuaria
5621,pecuaria
5622,pecuaria
5628,pecuaria
5633,pecuaria
5634,pecuaria
5640,pecuaria
5641,pecuaria
5642,pecuaria
5643,pecuaria
5644,pecuaria
5645,pecuaria
5647,pecuaria
5654,pecuaria
5655,pecuaria
5656,pecuaria
5678,pecuaria
5679,pecuaria
5680,pecuaria
5682,pecuaria
5683,pecuaria
5685,pecuaria
5686,pecuaria
5687,pecuaria
5688,pecuaria
5689,pecuaria
5690,pecuaria
5691,pecuaria
5692,pecuaria
5693,pecuaria
5694,pecuaria
5695,pecuaria
5696,pecuaria
5697,pecuaria
5698,pecuaria
5699,pecuaria
5700,pecuaria
5701,pecuaria
5702,pecuaria
5708,pecuaria
5722,pecuaria
5723,pecuaria
5724,pecuaria
5725,pecuaria
5726,pecuaria
5727,pecuaria
5728,pecuaria
5729,pecuaria
5730,pecuaria
5731,pecuaria
5732,pecuaria
5733,pecuaria
5742,pecuaria
5748,pecuaria
5749,pecuaria
5750,pecuaria
5752,pecuaria
5753,pecuaria
5779,pecuaria
5780,pecuaria
5781,pecuaria
5782,pecuaria
5783,pecuaria
5784,pecuaria
5785,pecuaria
5786,pecuaria
5787,pecuaria
5788,pecuaria
5789,pecuaria
5790,pecuaria
5815,pecuaria
5816,pecuaria
5817,pecuaria
5818,pecuaria
5819,pecuaria
5820,pecuaria
5821,pecuaria
5822,pecuaria
5823,pecuaria
5824,pecuaria
5825,pecuaria
5826,pecuaria
5830,pecuaria
5833,pecuaria
5853,pecuaria
5855,pecuaria
5874,pecuaria
5875,pecuaria
5876,pecuaria
5878,pecuaria
5881,pecuaria
5888,pecuaria
5893,pecuaria
5894,pecuaria
5895,pecuaria
5896,pecuaria
5897,pecuaria
5898,pecuaria
5899,pecuaria
5904,pecuaria
5905,pecuaria
5906,pecuaria
5910,pecuaria
5911,pecuaria
5912,pecuaria
5913,pecuaria
5914,pecuaria
5923,pecuaria
5925,pecuaria
5927,pecuaria
5928,pecuaria
5929,pecuaria
5930,pecuaria
5931,pecuaria
5932,pecuaria
5933,pecuaria
5935,pecuaria
5947,pecuaria
5951,pecuaria
5972,pecuaria
5973,pecuaria
5974,pecuaria
5975,pecuaria
5976,pecuaria
5977,pecuaria
5981,pecuaria
5982,pecuaria
5990,pecuaria
5991,pecuaria
5992,pecuaria
5993,pecuaria
5995,pecuaria
5996,pecuaria
6000,pecuaria
6002,pecuaria
6003,pecuaria
6005,pecuaria
6006,pecuaria
6007,pecuaria
6008,pecuaria
6009,pecuaria
6010,pecuaria
6011,pecuaria
6012,pecuaria
6013,pecuaria
6014,pecuaria
6015,pecuaria
6016,pecuaria
6018,pecuaria
6019,pecuaria
6020,pecuaria
6021,pecuaria
6022,pecuaria
6023,pecuaria
6025,pecuaria
6026,pecuaria
6050,pecuaria
6057,pecuaria
6058,pecuaria
6061,pecuaria
6073,pecuaria
6075,pecuaria
6076,pecuaria
6077,pecuaria
6078,pecuaria
6089,pecuaria
6093,pecuaria
6096,pecuaria
6097,pecuaria
6098,pecuaria
6104,pecuaria
6105,pecuaria
6106,pecuaria
6107,pecuaria
6113,pecuaria
6114,pecuaria
6115,pecuaria
6116,pecuaria
6121,pecuaria
6122,pecuaria
6145,pecuaria
6147,pecuaria
6170,pecuaria
6173,pecuaria
6174,pecuaria
6175,pecuaria
6177,pecuaria
6184,pecuaria
6196,pecuaria
6197,pecuaria
6199,pecuaria
6200,pecuaria
6204,pecuaria
6206,pecuaria
6207,pecuaria
6209,pecuaria
6220,pecuaria
6330,pecuaria
6331,pecuaria
6332,pecuaria
6333,pecuaria
6334,pecuaria
6335,pecuaria
6336,pecuaria
6337,pecuaria
6338,pecuaria
6340,pecuaria
6341,pecuaria
6342,pecuaria
6343,pecuaria
6344,pecuaria
6345,pecuaria
6346,pecuaria
6347,pecuaria
6348,pecuaria
6350,pecuaria
6362,pecuaria
6363,pecuaria
6364,pecuaria
6365,pecuaria
6366,pecuaria
6368,pecuaria
6388,pecuaria
6389,pecuaria
6393,pecuaria
6400,pecuaria
6401,pecuaria
6402,pecuaria
6403,pecuaria
6408,pecuaria
6410,pecuaria
6411,pecuaria
6414,pecuaria
6417,pecuaria
6424,pecuaria
6425,pecuaria
6426,pecuaria
6427,pecuaria
6428,pecuaria
6441,pecuaria
6449,pecuaria
6450,pecuaria
6455,pecuaria
6456,pecuaria
6457,pecuaria
6461,pecuaria
6462,pecuaria
6464,pecuaria
6465,pecuaria
6466,pecuaria
6467,pecuaria
6468,pecuaria
6469,pecuaria
6470,pecuaria
6473,pecuaria
6491,pecuaria
6493,pecuaria
6498,pecuaria
6507,pecuaria
6508,pecuaria
6509,pecuaria
6510,pecuaria
6511,pecuaria
6512,pecuaria
6513,pecuaria
6514,pecuaria
6516,pecuaria
6521,pecuaria
6525,pecuaria
6529,pecuaria
6533,pecuaria
6534,pecuaria
6535,pecuaria
6545,pecuaria
6552,pecuaria
6557,pecuaria
6558,pecuaria
6559,pecuaria
6565,pecuaria
6566,pecuaria
6569,pecuaria
6571,pecuaria
6572,pecuaria
6577,pecuaria
6578,pecuaria
6580,pecuaria
6587,pecuaria
6588,pecuaria
6589,pecuaria
6590,pecuaria
6593,pecuaria
6595,pecuaria
6599,pecuaria
6600,pecuaria
6601,pecuaria
6602,pecuaria
6615,pecuaria
6640,pecuaria
6641,pecuaria
6645,pecuaria
6646,pecuaria
6647,pecuaria
6649,pecuaria
6650,pecuaria
6653,pecuaria
6654,pecuaria
6655,pecuaria
6656,pecuaria
6657,pecuaria
6662,pecuaria
6664,pecuaria
6665,pecuaria
6667,pecuaria
6668,pecuaria
6669,pecuaria
6670,pecuaria
6685,pecuaria
6720,pecuaria
6724,pecuaria
6735,pecuaria
6736,pecuaria
6737,pecuaria
6738,pecuaria
6745,pecuaria
6746,pecuaria
6747,pecuaria
6748,pecuaria
6749,pecuaria
6752,pecuaria
6760,pecuaria
6762,pecuaria
6768,pecuaria
6769,pecuaria
6774,pecuaria
6778,pecuaria
6779,pecuaria
6780,pecuaria
6783,pecuaria
6787,pecuaria
6808,pecuaria
6815,pecuaria
6816,pecuaria
6822,pecuaria
6824,pecuaria
6825,pecuaria
6826,pecuaria
6827,pecuaria
6828,pecuaria
6829,pecuaria
6831,pecuaria
6835,pecuaria
6836,pecuaria
6837,pecuaria
6847,pecuaria
6867,pecuaria
6870,pecuaria
6871,pecuaria
6872,pecuaria
6880,pecuaria
6881,pecuaria
6882,pecuaria
6883,pecuaria
6884,pecuaria
6886,pecuaria
6890,pecuaria
6895,pecuaria
6898,pecuaria
6907,pecuaria
6911,pecuaria
6915,pecuaria
6917,pecuaria
6931,pecuaria
6932,pecuaria
6933,pecuaria
6934,pecuaria
6935,pecuaria
6937,pecuaria
6938,pecuaria
6939,pecuaria
6943,pecuaria
6945,pecuaria
6946,pecuaria
6948,pecuaria
6950,pecuaria
6951,pecuaria
6953,pecuaria
6954,pecuaria
6956,pecuaria
6962,pecuaria
6963,pecuaria
6968,pecuaria
6975,pecuaria
6977,pecuaria
6978,pecuaria
6979,pecuaria
6990,pecuaria
6993,pecuaria
7002,pecuaria
7003,pecuaria
7005,pecuaria
7011,pecuaria
7014,pecuaria
7019,pecuaria
7020,pecuaria
7032,pecuaria
7033,pecuaria
7034,pecuaria
7035,pecuaria
7037,pecuaria
7038,pecuaria
7039,pecuaria
7040,pecuaria
7041,pecuaria
7042,pecuaria
7043,pecuaria
7044,pecuaria
7045,pecuaria
7046,pecuaria
7050,pecuaria
7051,pecuaria
7054,pecuaria
7055,pecuaria
7059,pecuaria
7060,pecuaria
7061,pecuaria
7062,pecuaria
7064,pecuaria
7077,pecuaria
7078,pecuaria
7079,pecuaria
7083,pecuaria
7084,pecuaria
7085,pecuaria
7086,pecuaria
7091,pecuaria
7092,pecuaria
7093,pecuaria
7102,pecuaria
7103,pecuaria
7104,pecuaria
7107,pecuaria
7108,pecuaria
7110,pecuaria
7111,pecuaria
7113,pecuaria
7117,pecuaria
7118,pecuaria
7120,pecuaria
7124,pecuaria
7125,pecuaria
7126,pecuaria
7136,pecuaria
7140,pecuaria
7143,pecuaria
7174,pecuaria
7175,pecuaria
7177,pecuaria
7183,pecuaria
7184,pecuaria
7193,pecuaria
7194,pecuaria
7204,pecuaria
7205,pecuaria
7210,pecuaria
7256,pecuaria
7266,pecuaria
7273,pecuaria
7300,pecuaria
7301,pecuaria
7302,pecuaria
7309,pecuaria
7310,pecuaria
7311,pecuaria
7312,pecuaria
7316,pecuaria
7328,pecuaria
7329,pecuaria
7338,pecuaria
7340,pecuaria
7341,pecuaria
7342,pecuaria
7344,pecuaria
7402,pecuaria
7403,pecuaria
7404,pecuaria
7405,pecuaria
7406,pecuaria
7413,pecuaria
7420,pecuaria
7421,pecuaria
7422,pecuaria
7423,pecuaria
7424,pecuaria
7432,pecuaria
7439,pecuaria
7440,pecuaria
7441,pecuaria
7442,pecuaria
7454,pecuaria
7462,pecuaria
7489,pecuaria
7490,pecuaria
7496,pecuaria
7497,pecuaria
7509,pecuaria
7513,pecuaria
7516,pecuaria
7523,pecuaria
7535,pecuaria
7536,pecuaria
7537,pecuaria
7546,pecuaria
7558,pecuaria
7559,pecuaria
7560,pecuaria
7561,pecuaria
7562,pecuaria
7563,pecuaria
7572,pecuaria
7574,pecuaria
7575,pecuaria
7578,pecuaria
7579,pecuaria
7580,pecuaria
7581,pecuaria
7582,pecuaria
7583,pecuaria
7584,pecuaria
7589,pecuaria
7590,pecuaria
7593,pecuaria
7599,pecuaria
7600,pecuaria
7601,pecuaria
7606,pecuaria
7611,pecuaria
7612,pecuaria
7613,pecuaria
7614,pecuaria
7621,pecuaria
7622,pecuaria
7623,pecuaria
7624,pecuaria
7625,pecuaria
7626,pecuaria
7627,pecuaria
7628,pecuaria
7629,pecuaria
7630,pecuaria
7631,pecuaria
7632,pecuaria
7633,pecuaria
7634,pecuaria
7635,pecuaria
7644,pecuaria
7645,pecuaria
7646,pecuaria
7647,pecuaria
7648,pecuaria
7664,pecuaria
7665,pecuaria
7670,pecuaria
7671,pecuaria
7672,pecuaria
7673,pecuaria
7674,pecuaria
7675,pecuaria
7680,pecuaria
7681,pecuaria
7682,pecuaria
7683,pecuaria
7684,pecuaria
7685,pecuaria
7688,pecuaria
7708,pecuaria
7715,pecuaria
7716,pecuaria
7732,pecuaria
7733,pecuaria
7734,pecuaria
7735,pecuaria
7736,pecuaria
7737,pecuaria
7741,pecuaria
7742,pecuaria
7756,pecuaria
7757,pecuaria
7758,pecuaria
7765,pecuaria
7774,pecuaria
7788,pecuaria
7804,pecuaria
7805,pecuaria
7806,pecuaria
7808,pecuaria
7809,pecuaria
7813,pecuaria
7816,pecuaria
7821,pecuaria
7822,pecuaria
7828,pecuaria
7830,pecuaria
7832,pecuaria
7833,pecuaria
7834,pecuaria
7838,pecuaria
7839,pecuaria
7840,pecuaria
7841,pecuaria
7842,pecuaria
7843,pecuaria
7844,pecuaria
7845,pecuaria
7846,pecuaria
7863,pecuaria
7864,pecuaria
7871,pecuaria
7872,pecuaria
7873,pecuaria
7875,pecuaria
7877,pecuaria
7878,pecuaria
7879,pecuaria
7880,pecuaria
7881,pecuaria
7885,pecuaria
7886,pecuaria
7892,pecuaria
7893,pecuaria
7894,pecuaria
7900,pecuaria
7901,pecuaria
7903,pecuaria
7928,pecuaria
7929,pecuaria
7930,pecuaria
7932,pecuaria
7945,pecuaria
7984,pecuaria
7985,pecuaria
7986,pecuaria
7987,pecuaria
7989,pecuaria
7991,pecuaria
7992,pecuaria
7993,pecuaria
7995,pecuaria
7996,pecuaria
8018,pecuaria
8019,pecuaria
8020,pecuaria
8021,pecuaria
8022,pecuaria
8023,pecuaria
8024,pecuaria
8026,pecuaria
8027,pecuaria
8032,pecuaria
8033,pecuaria
8034,pecuaria
8035,pecuaria
8036,pecuaria
8037,pecuaria
8038,pecuaria
8039,pecuaria
8044,pecuaria
8057,pecuaria
8058,pecuaria
8059,pecuaria
8060,pecuaria
8061,pecuaria
8062,pecuaria
8063,pecuaria
8068,pecuaria
8069,pecuaria
8081,pecuaria
8085,pecuaria
8086,pecuaria
8087,pecuaria
8092,pecuaria
8096,pecuaria
8098,pecuaria
8105,pecuaria
8106,pecuaria
8107,pecuaria
8110,pecuaria
8111,pecuaria
8112,pecuaria
8113,pecuaria
8114,pecuaria
8115,pecuaria
8120,pecuaria
8121,pecuaria
8122,pecuaria
8123,pecuaria
8124,pecuaria
8125,pecuaria
8126,pecuaria
8127,pecuaria
8132,pecuaria
8133,pecuaria
8134,pecuaria
8135,pecuaria
8136,pecuaria
8137,pecuaria
8138,pecuaria
8139,pecuaria
8184,pecuaria
8187,pecuaria
8212,pecuaria
8213,pecuaria
8214,pecuaria
8215,pecuaria
8216,pecuaria
8217,pecuaria
8222,pecuaria
8224,pecuaria
8229,pecuaria
8231,pecuaria
8232,pecuaria
8236,pecuaria
8238,pecuaria
8239,pecuaria
8242,pecuaria
8246,pecuaria
8266,pecuaria
8272,pecuaria
8274,pecuaria
8275,pecuaria
8276,pecuaria
8279,pecuaria
8280,pecuaria
8307,pecuaria
8308,pecuaria
8309,pecuaria
8310,pecuaria
8311,pecuaria
8312,pecuaria
8320,pecuaria
8335,pecuaria
8336,pecuaria
8337,pecuaria
8338,pecuaria
8339,pecuaria
8340,pecuaria
8347,pecuaria
8348,pecuaria
8349,pecuaria
8350,pecuaria
8351,pecuaria
8352,pecuaria
8359,pecuaria
8360,pecuaria
8361,pecuaria
8362,pecuaria
8363,pecuaria
8364,pecuaria
8391,pecuaria
8394,pecuaria
8402,pecuaria
8408,pecuaria
8409,pecuaria
8410,pecuaria
8411,pecuaria
8412,pecuaria
8413,pecuaria
8414,pecuaria
8415,pecuaria
8419,pecuaria
8425,pecuaria
8429,pecuaria
8431,pecuaria
8432,pecuaria
8433,pecuaria
8434,pecuaria
8436,pecuaria
8437,pecuaria
8438,pecuaria
8439,pecuaria
8440,pecuaria
8453,pecuaria
8454,pecuaria
8456,pecuaria
8481,pecuaria
8482,pecuaria
8484,pecuaria
8487,pecuaria
8489,pecuaria
8490,pecuaria
8491,pecuaria
8493,pecuaria
8494,pecuaria
8495,pecuaria
8496,pecuaria
8497,pecuaria
8499,pecuaria
8500,pecuaria
8501,pecuaria
8502,pecuaria
8503,pecuaria
8504,pecuaria
8505,pecuaria
8506,pecuaria
8507,pecuaria
8510,pecuaria
8511,pecuaria
8512,pecuaria
8513,pecuaria
8514,pecuaria
8519,pecuaria
8534,pecuaria
8535,pecuaria
8541,pecuaria
8556,pecuaria
8557,pecuaria
8562,pecuaria
8581,pecuaria
8582,pecuaria
8583,pecuaria
8584,pecuaria
8585,pecuaria
8600,pecuaria
8606,pecuaria
8607,pecuaria
8608,pecuaria
8610,pecuaria
8611,pecuaria
8612,pecuaria
8614,pecuaria
8615,pecuaria
8617,pecuaria
8618,pecuaria
8619,pecuaria
8620,pecuaria
8621,pecuaria
8622,pecuaria
8623,pecuaria
8624,pecuaria
8625,pecuaria
8626,pecuaria
8627,pecuaria
8628,pecuaria
8634,pecuaria
8641,pecuaria
8642,pecuaria
8643,pecuaria
8644,pecuaria
8659,pecuaria
8661,pecuaria
8664,pecuaria
8669,pecuaria
8670,pecuaria
8671,pecuaria
8672,pecuaria
8673,pecuaria
8677,pecuaria
8685,pecuaria
8686,pecuaria
8695,pecuaria
8696,pecuaria
8707,pecuaria
8710,pecuaria
8711,pecuaria
8712,pecuaria
8713,pecuaria
8716,pecuaria
8717,pecuaria
8718,pecuaria
8719,pecuaria
8720,pecuaria
8723,pecuaria
8724,pecuaria
8725,pecuaria
8729,pecuaria
8734,pecuaria
8735,pecuaria
8736,pecuaria
8737,pecuaria
8757,pecuaria
8758,pecuaria
8841,pecuaria
8842,pecuaria
8851,pecuaria
8903,pecuaria
8904,pecuaria
8905,pecuaria
8906,pecuaria
8916,pecuaria
8923,pecuaria
8924,pecuaria
8929,pecuaria
8935,pecuaria
8945,pecuaria
8946,pecuaria
8947,pecuaria
8958,pecuaria
8959,pecuaria
8960,pecuaria
8961,pecuaria
8962,pecuaria
8971,pecuaria
8974,pecuaria
8975,pecuaria
8978,pecuaria
8981,pecuaria
8982,pecuaria
8983,pecuaria
8984,pecuaria
9011,pecuaria
9013,pecuaria
9014,pecuaria
9015,pecuaria
9016,pecuaria
9025,pecuaria
9026,pecuaria
9027,pecuaria
9028,pecuaria
9029,pecuaria
9030,pecuaria
9044,pecuaria
9046,pecuaria
9049,pecuaria
9050,pecuaria
9052,pecuaria
9073,pecuaria
9104,pecuaria
9106,pecuaria
9107,pecuaria
9108,pecuaria
9110,pecuaria
9111,pecuaria
9114,pecuaria
9115,pecuaria
9116,pecuaria
9157,pecuaria
9158,pecuaria
9159,pecuaria
9174,pecuaria
9181,pecuaria
9182,pecuaria
9183,pecuaria
9184,pecuaria
9194,pecuaria
9196,pecuaria
9204,pecuaria
9205,pecuaria
9206,pecuaria
9207,pecuaria
9223,pecuaria
9224,pecuaria
9225,pecuaria
9231,pecuaria
9233,pecuaria
9234,pecuaria
9235,pecuaria
9238,pecuaria
9240,pecuaria
9265,pecuaria
9279,pecuaria
9280,pecuaria
9281,pecuaria
9282,pecuaria
9283,pecuaria
9299,pecuaria
9301,pecuaria
9306,pecuaria
9352,pecuaria
9353,pecuaria
9354,pecuaria
9356,pecuaria
9357,pecuaria
9360,pecuaria
9361,pecuaria
9362,pecuaria
9363,pecuaria
9366,pecuaria
9368,pecuaria
9373,pecuaria
9374,pecuaria
9375,pecuaria
9376,pecuaria
9379,pecuaria
9382,pecuaria
9391,pecuaria
9392,pecuaria
9394,pecuaria
9399,pecuaria
9400,pecuaria
9401,pecuaria
9402,pecuaria
9403,pecuaria
9408,pecuaria
9409,pecuaria
9410,pecuaria
9416,pecuaria
9424,pecuaria
9425,pecuaria
9429,pecuaria
9430,pecuaria
9431,pecuaria
9437,pecuaria
9488,pecuaria
9493,pecuaria
9494,pecuaria
9500,pecuaria
9502,pecuaria
9503,pecuaria
9504,pecuaria
9506,pecuaria
9508,pecuaria
9509,pecuaria
9510,pecuaria
9511,pecuaria
9512,pecuaria
9513,pecuaria
9514,pecuaria
9518,pecuaria
9527,pecuaria
9531,pecuaria
9539,pecuaria
9540,pecuaria
9603,pecuaria
9605,pecuaria
9606,pecuaria
9609,pecuaria
9626,pecuaria
9628,pecuaria
9629,pecuaria
9637,pecuaria
9638,pecuaria
9639,pecuaria
9642,pecuaria
9643,pecuaria
9645,pecuaria
9646,pecuaria
9665,pecuaria
9674,pecuaria
9677,pecuaria
9678,pecuaria
9679,pecuaria
9681,pecuaria
9683,pecuaria
9684,pecuaria
9685,pecuaria
9686,pecuaria
9688,pecuaria
9694,pecuaria
9695,pecuaria
9696,pecuaria
9706,pecuaria
9707,pecuaria
9708,pecuaria
9709,pecuaria
9748,pecuaria
9749,pecuaria
9762,pecuaria
9763,pecuaria
9779,pecuaria
9780,pecuaria
9781,pecuaria
9787,pecuaria
9792,pecuaria
9839,pecuaria
9846,pecuaria
9849,pecuaria
9851,pecuaria
9852,pecuaria
9853,pecuaria
9854,pecuaria
9855,pecuaria
9856,pecuaria
9865,pecuaria
9881,pecuaria
9884,pecuaria
9890,pecuaria
9893,pecuaria
9897,pecuaria
9900,pecuaria
9986,pecuaria
10007,pecuaria
10019,pecuaria
10041,pecuaria
5,soja
13,soja
14,soja
24,soja
25,soja
26,soja
36,soja
37,soja
81,soja
98,soja
99,soja
107,soja
114,soja
130,soja
138,soja
147,soja
148,soja
150,soja
153,soja
154,soja
163,soja
164,soja
172,soja
176,soja
180,soja
183,soja
184,soja
187,soja
188,soja
189,soja
195,soja
196,soja
200,soja
213,soja
222,soja
225,soja
227,soja
263,soja
265,soja
266,soja
269,soja
271,soja
273,soja
274,soja
278,soja
285,soja
286,soja
287,soja
289,soja
290,soja
291,soja
292,soja
293,soja
294,soja
295,soja
296,soja
297,soja
298,soja
299,soja
300,soja
301,soja
302,soja
303,soja
304,soja
305,soja
326,soja
329,soja
331,soja
332,soja
335,soja
356,soja
378,soja
379,soja
380,soja
382,soja
385,soja
387,soja
406,soja
434,soja
441,soja
498,soja
500,soja
580,soja
581,soja
582,soja
583,soja
584,soja
585,soja
586,soja
587,soja
614,soja
616,soja
620,soja
621,soja
622,soja
623,soja
624,soja
625,soja
626,soja
627,soja
667,soja
668,soja
691,soja
698,soja
699,soja
700,soja
701,soja
702,soja
703,soja
718,soja
719,soja
723,soja
725,soja
726,soja
729,soja
733,soja
747,soja
748,soja
774,soja
776,soja
778,soja
780,soja
781,soja
782,soja
785,soja
786,soja
788,soja
789,soja
790,soja
791,soja
796,soja
797,soja
815,soja
817,soja
832,soja
833,soja
834,soja
835,soja
917,soja
918,soja
921,soja
922,soja
936,soja
938,soja
947,soja
948,soja
950,soja
951,soja
953,soja
956,soja
957,soja
958,soja
960,soja
961,soja
962,soja
965,soja
966,soja
972,soja
1001,soja
1018,soja
1030,soja
1032,soja
1035,soja
1040,soja
1041,soja
1060,soja
1061,soja
1065,soja
1066,soja
1067,soja
1070,soja
1073,soja
1075,soja
1079,soja
1082,soja
1083,soja
1084,soja
1085,soja
1088,soja
1095,soja
1096,soja
1097,soja
1098,soja
1125,soja
1126,soja
1127,soja
1128,soja
1138,soja
1149,soja
1150,soja
1165,soja
1191,soja
1195,soja
1210,soja
1211,soja
1212,soja
1215,soja
1216,soja
1219,soja
1223,soja
1239,soja
1314,soja
1318,soja
1323,soja
1357,soja
1387,soja
1388,soja
1394,soja
1396,soja
1397,soja
1398,soja
1404,soja
1408,soja
1417,soja
1424,soja
1425,soja
1426,soja
1429,soja
1433,soja
1434,soja
1435,soja
1437,soja
1440,soja
1444,soja
1446,soja
1459,soja
1468,soja
1469,soja
1473,soja
1474,soja
1475,soja
1496,soja
1503,soja
1504,soja
1505,soja
1509,soja
1510,soja
1512,soja
1519,soja
1520,soja
1521,soja
1531,soja
1547,soja
1552,soja
1553,soja
1558,soja
1569,soja
1575,soja
1577,soja
1589,soja
1590,soja
1601,soja
1604,soja
1614,soja
1620,soja
1622,soja
1623,soja
1624,soja
1629,soja
1632,soja
1633,soja
1634,soja
1649,soja
1650,soja
1651,soja
1654,soja
1659,soja
1660,soja
1661,soja
1662,soja
1663,soja
1664,soja
1666,soja
1668,soja
1673,soja
1675,soja
1687,soja
1698,soja
1699,soja
1716,soja
1726,soja
1769,soja
1773,soja
1774,soja
1775,soja
1776,soja
1777,soja
1791,soja
1792,soja
1793,soja
1794,soja
1795,soja
1799,soja
1801,soja
1806,soja
1807,soja
1808,soja
1809,soja
1810,soja
1811,soja
1816,soja
1817,soja
1818,soja
1819,soja
1820,soja
1821,soja
1858,soja
1859,soja
1860,soja
1870,soja
1871,soja
1879,soja
1884,soja
1885,soja
1886,soja
1887,soja
1900,soja
1901,soja
1912,soja
1915,soja
1920,soja
1922,soja
1923,soja
1924,soja
1925,soja
1928,soja
1932,soja
1938,soja
1939,soja
1944,soja
1946,soja
1947,soja
1948,soja
1949,soja
1960,soja
1973,soja
1974,soja
1975,soja
1977,soja
1978,soja
1982,soja
1985,soja
1986,soja
1996,soja
1997,soja
1998,soja
2004,soja
2005,soja
2021,soja
2026,soja
2035,soja
2039,soja
2041,soja
2042,soja
2043,soja
2044,soja
2045,soja
2079,soja
2080,soja
2088,soja
2089,soja
2090,soja
2091,soja
2092,soja
2093,soja
2099,soja
2100,soja
2101,soja
2103,soja
2122,soja
2126,soja
2127,soja
2128,soja
2129,soja
2144,soja
2145,soja
2148,soja
2149,soja
2150,soja
2151,soja
2152,soja
2153,soja
2154,soja
2155,soja
2167,soja
2171,soja
2172,soja
2173,soja
2178,soja
2179,soja
2180,soja
2181,soja
2182,soja
2184,soja
2185,soja
2192,soja
2197,soja
2202,soja
2203,soja
2208,soja
2209,soja
2210,soja
2211,soja
2213,soja
2237,soja
2239,soja
2248,soja
2254,soja
2272,soja
2274,soja
2275,soja
2302,soja
2310,soja
2311,soja
2314,soja
2318,soja
2324,soja
2328,soja
2332,soja
2354,soja
2356,soja
2359,soja
2360,soja
2370,soja
2371,soja
2373,soja
2386,soja
2387,soja
2388,soja
2389,soja
2396,soja
2397,soja
2398,soja
2399,soja
2404,soja
2414,soja
2418,soja
2425,soja
2428,soja
2438,soja
2441,soja
2495,soja
2497,soja
2501,soja
2502,soja
2503,soja
2531,soja
2590,soja
2600,soja
2601,soja
2603,soja
2604,soja
2607,soja
2609,soja
2610,soja
2611,soja
2612,soja
2617,soja
2627,soja
2628,soja
2639,soja
2644,soja
2645,soja
2653,soja
2659,soja
2662,soja
2667,soja
2680,soja
2684,soja
2690,soja
2706,soja
2709,soja
2710,soja
2711,soja
2719,soja
2720,soja
2727,soja
2729,soja
2732,soja
2733,soja
2735,soja
2736,soja
2739,soja
2740,soja
2741,soja
2751,soja
2752,soja
2767,soja
2769,soja
2770,soja
2787,soja
2790,soja
2791,soja
2806,soja
2809,soja
2810,soja
2812,soja
2822,soja
2823,soja
2825,soja
2826,soja
2885,soja
2895,soja
2898,soja
2899,soja
2903,soja
2910,soja
2911,soja
2912,soja
2913,soja
2924,soja
2925,soja
2942,soja
2948,soja
2950,soja
2951,soja
2952,soja
2953,soja
2954,soja
2962,soja
2986,soja
2987,soja
2991,soja
2995,soja
2997,soja
2998,soja
3000,soja
3001,soja
3002,soja
3003,soja
3010,soja
3011,soja
3017,soja
3018,soja
3031,soja
3032,soja
3033,soja
3036,soja
3038,soja
3039,soja
3085,soja
3091,soja
3133,soja
3134,soja
3136,soja
3139,soja
3140,soja
3144,soja
3150,soja
3154,soja
3155,soja
3166,soja
3168,soja
3185,soja
3194,soja
3195,soja
3225,soja
3226,soja
3228,soja
3231,soja
3233,soja
3238,soja
3244,soja
3245,soja
3246,soja
3252,soja
3253,soja
3254,soja
3255,soja
3257,soja
3261,soja
3262,soja
3287,soja
3288,soja
3291,soja
3296,soja
3323,soja
3324,soja
3325,soja
3328,soja
3334,soja
3345,soja
3347,soja
3349,soja
3352,soja
3368,soja
3371,soja
3375,soja
3377,soja
3378,soja
3379,soja
3381,soja
3386,soja
3387,soja
3395,soja
3397,soja
3399,soja
3411,soja
3412,soja
3413,soja
3415,soja
3416,soja
3417,soja
3419,soja
3420,soja
3421,soja
3423,soja
3424,soja
3425,soja
3430,soja
3432,soja
3445,soja
3446,soja
3447,soja
3448,soja
3450,soja
3451,soja
3454,soja
3458,soja
3459,soja
3460,soja
3464,soja
3465,soja
3466,soja
3467,soja
3486,soja
3492,soja
3493,soja
3494,soja
3495,soja
3497,soja
3509,soja
3511,soja
3512,soja
3515,soja
3516,soja
3517,soja
3518,soja
3519,soja
3520,soja
3522,soja
3536,soja
3538,soja
3541,soja
3542,soja
3544,soja
3558,soja
3561,soja
3576,soja
3577,soja
3583,soja
3584,soja
3585,soja
3592,soja
3597,soja
3599,soja
3600,soja
3602,soja
3603,soja
3613,soja
3615,soja
3621,soja
3623,soja
3624,soja
3630,soja
3631,soja
3635,soja
3654,soja
3656,soja
3657,soja
3664,soja
3667,soja
3673,soja
3675,soja
3678,soja
3685,soja
3686,soja
3687,soja
3688,soja
3689,soja
3704,soja
3718,soja
3727,soja
3728,soja
3733,soja
3734,soja
3737,soja
3739,soja
3740,soja
3741,soja
3742,soja
3743,soja
3744,soja
3754,soja
3756,soja
3757,soja
3770,soja
3782,soja
3783,soja
3786,soja
3790,soja
3797,soja
3800,soja
3802,soja
3804,soja
3812,soja
3813,soja
3820,soja
3833,soja
3835,soja
3840,soja
3841,soja
3868,soja
3870,soja
3876,soja
3879,soja
3880,soja
3881,soja
3882,soja
3883,soja
3884,soja
3885,soja
3886,soja
3887,soja
3888,soja
3889,soja
3890,soja
3891,soja
3892,soja
3893,soja
3894,soja
3895,soja
3896,soja
3897,soja
3983,soja
3986,soja
3998,soja
3999,soja
4000,soja
4001,soja
4009,soja
4010,soja
4020,soja
4023,soja
4024,soja
4040,soja
4041,soja
4042,soja
4051,soja
4052,soja
4071,soja
4072,soja
4082,soja
4083,soja
4084,soja
4085,soja
4086,soja
4087,soja
4094,soja
4098,soja
4099,soja
4113,soja
4114,soja
4120,soja
4125,soja
4126,soja
4133,soja
4134,soja
4135,soja
4141,soja
4147,soja
4149,soja
4151,soja
4183,soja
4196,soja
4197,soja
4198,soja
4209,soja
4210,soja
4211,soja
4246,soja
4253,soja
4257,soja
4260,soja
4281,soja
4282,soja
4297,soja
4305,soja
4306,soja
4307,soja
4308,soja
4320,soja
4348,soja
4361,soja
4362,soja
4375,soja
4413,soja
4417,soja
4418,soja
4419,soja
4420,soja
4421,soja
4422,soja
4423,soja
4427,soja
4437,soja
4438,soja
4440,soja
4449,soja
4469,soja
4470,soja
4474,soja
4475,soja
4478,soja
4492,soja
4499,soja
4502,soja
4544,soja
4549,soja
4575,soja
4587,soja
4589,soja
4603,soja
4607,soja
4621,soja
4639,soja
4640,soja
4642,soja
4701,soja
4702,soja
4705,soja
4716,soja
4717,soja
4742,soja
4744,soja
4745,soja
4756,soja
4757,soja
4758,soja
4759,soja
4761,soja
4763,soja
4765,soja
4767,soja
4772,soja
4775,soja
4776,soja
4777,soja
4778,soja
4779,soja
4792,soja
4795,soja
4796,soja
4798,soja
4801,soja
4802,soja
4803,soja
4805,soja
4807,soja
4812,soja
4813,soja
4814,soja
4815,soja
4816,soja
4817,soja
4818,soja
4829,soja
4831,soja
4835,soja
4836,soja
4837,soja
4840,soja
4841,soja
4843,soja
4844,soja
4845,soja
4846,soja
4847,soja
4848,soja
4851,soja
4853,soja
4854,soja
4860,soja
4864,soja
4873,soja
4874,soja
4875,soja
4876,soja
4907,soja
4908,soja
4940,soja
4949,soja
4950,soja
4954,soja
4955,soja
4959,soja
4960,soja
4961,soja
4979,soja
4988,soja
4989,soja
4994,soja
4995,soja
4997,soja
5030,soja
5031,soja
5033,soja
5052,soja
5060,soja
5080,soja
5081,soja
5083,soja
5084,soja
5093,soja
5094,soja
5095,soja
5098,soja
5099,soja
5100,soja
5126,soja
5127,soja
5128,soja
5137,soja
5138,soja
5139,soja
5140,soja
5148,soja
5151,soja
5163,soja
5164,soja
5165,soja
5169,soja
5174,soja
5175,soja
5176,soja
5177,soja
5182,soja
5183,soja
5185,soja
5186,soja
5194,soja
5197,soja
5198,soja
5202,soja
5203,soja
5204,soja
5205,soja
5219,soja
5224,soja
5225,soja
5228,soja
5277,soja
5279,soja
5282,soja
5283,soja
5284,soja
5285,soja
5286,soja
5288,soja
5290,soja
5296,soja
5302,soja
5303,soja
5307,soja
5308,soja
5309,soja
5311,soja
5312,soja
5313,soja
5314,soja
5315,soja
5316,soja
5383,soja
5406,soja
5420,soja
5421,soja
5422,soja
5423,soja
5424,soja
5425,soja
5435,soja
5436,soja
5437,soja
5438,soja
5439,soja
5447,soja
5448,soja
5449,soja
5450,soja
5451,soja
5452,soja
5453,soja
5455,soja
5456,soja
5457,soja
5458,soja
5459,soja
5460,soja
5461,soja
5462,soja
5463,soja
5471,soja
5502,soja
5503,soja
5507,soja
5508,soja
5510,soja
5512,soja
5513,soja
5515,soja
5534,soja
5544,soja
5545,soja
5556,soja
5557,soja
5561,soja
5562,soja
5563,soja
5564,soja
5565,soja
5575,soja
5604,soja
5625,soja
5626,soja
5627,soja
5629,soja
5635,soja
5636,soja
5637,soja
5638,soja
5646,soja
5663,soja
5667,soja
5668,soja
5669,soja
5670,soja
5671,soja
5672,soja
5673,soja
5674,soja
5681,soja
5684,soja
5704,soja
5705,soja
5743,soja
5744,soja
5745,soja
5751,soja
5754,soja
5770,soja
5831,soja
5848,soja
5851,soja
5856,soja
5870,soja
5879,soja
5880,soja
5885,soja
5886,soja
5887,soja
5889,soja
5890,soja
5891,soja
5892,soja
5902,soja
5915,soja
5916,soja
5917,soja
5918,soja
5919,soja
5922,soja
5934,soja
5936,soja
5937,soja
5950,soja
5952,soja
5953,soja
5954,soja
5955,soja
5956,soja
5970,soja
5980,soja
5983,soja
5989,soja
5998,soja
5999,soja
6001,soja
6004,soja
6024,soja
6027,soja
6028,soja
6032,soja
6033,soja
6034,soja
6035,soja
6036,soja
6044,soja
6051,soja
6052,soja
6054,soja
6072,soja
6074,soja
6082,soja
6083,soja
6084,soja
6085,soja
6086,soja
6095,soja
6100,soja
6102,soja
6108,soja
6109,soja
6110,soja
6111,soja
6112,soja
6117,soja
6118,soja
6119,soja
6120,soja
6124,soja
6125,soja
6126,soja
6137,soja
6138,soja
6140,soja
6149,soja
6151,soja
6152,soja
6153,soja
6154,soja
6155,soja
6156,soja
6157,soja
6169,soja
6171,soja
6172,soja
6185,soja
6191,soja
6195,soja
6201,soja
6202,soja
6219,soja
6221,soja
6324,soja
6325,soja
6326,soja
6327,soja
6328,soja
6329,soja
6339,soja
6369,soja
6370,soja
6375,soja
6378,soja
6379,soja
6380,soja
6381,soja
6382,soja
6383,soja
6384,soja
6386,soja
6390,soja
6391,soja
6392,soja
6395,soja
6396,soja
6399,soja
6404,soja
6405,soja
6406,soja
6407,soja
6409,soja
6460,soja
6474,soja
6489,soja
6494,soja
6515,soja
6522,soja
6523,soja
6530,soja
6531,soja
6532,soja
6536,soja
6537,soja
6538,soja
6548,soja
6553,soja
6570,soja
6573,soja
6574,soja
6579,soja
6591,soja
6651,soja
6652,soja
6663,soja
6714,soja
6715,soja
6723,soja
6739,soja
6740,soja
6742,soja
6750,soja
6763,soja
6767,soja
6770,soja
6771,soja
6781,soja
6782,soja
6807,soja
6813,soja
6814,soja
6817,soja
6821,soja
6830,soja
6838,soja
6839,soja
6851,soja
6852,soja
6853,soja
6873,soja
6876,soja
6887,soja
6888,soja
6891,soja
6894,soja
6896,soja
6899,soja
6906,soja
6908,soja
6919,soja
6920,soja
6921,soja
6922,soja
6923,soja
6924,soja
6927,soja
6952,soja
6955,soja
6957,soja
6960,soja
6961,soja
6967,soja
6969,soja
6991,soja
6992,soja
6995,soja
7004,soja
7024,soja
7089,soja
7090,soja
7095,soja
7097,soja
7098,soja
7099,soja
7100,soja
7105,soja
7109,soja
7112,soja
7119,soja
7137,soja
7141,soja
7142,soja
7171,soja
7178,soja
7182,soja
7192,soja
7203,soja
7206,soja
7207,soja
7208,soja
7248,soja
7249,soja
7250,soja
7268,soja
7269,soja
7270,soja
7275,soja
7276,soja
7277,soja
7278,soja
7297,soja
7298,soja
7299,soja
7308,soja
7313,soja
7314,soja
7315,soja
7345,soja
7346,soja
7347,soja
7348,soja
7349,soja
7350,soja
7351,soja
7352,soja
7353,soja
7414,soja
7416,soja
7417,soja
7418,soja
7419,soja
7427,soja
7428,soja
7463,soja
7465,soja
7476,soja
7494,soja
7499,soja
7500,soja
7505,soja
7517,soja
7519,soja
7524,soja
7525,soja
7526,soja
7533,soja
7540,soja
7543,soja
7547,soja
7564,soja
7565,soja
7566,soja
7567,soja
7570,soja
7573,soja
7588,soja
7591,soja
7592,soja
7603,soja
7604,soja
7607,soja
7608,soja
7609,soja
7610,soja
7616,soja
7617,soja
7637,soja
7653,soja
7657,soja
7666,soja
7667,soja
7676,soja
7677,soja
7678,soja
7679,soja
7686,soja
7687,soja
7731,soja
7740,soja
7759,soja
7760,soja
7761,soja
7762,soja
7763,soja
7764,soja
7766,soja
7768,soja
7769,soja
7770,soja
7771,soja
7772,soja
7773,soja
7801,soja
7817,soja
7818,soja
7819,soja
7829,soja
7831,soja
7835,soja
7836,soja
7837,soja
7865,soja
7876,soja
7882,soja
7931,soja
7944,soja
7946,soja
7947,soja
7949,soja
7950,soja
7951,soja
7953,soja
7954,soja
7955,soja
7956,soja
7957,soja
7958,soja
7959,soja
7960,soja
7961,soja
7962,soja
7963,soja
7972,soja
7973,soja
7974,soja
7975,soja
7988,soja
7990,soja
7994,soja
7997,soja
7998,soja
7999,soja
8003,soja
8004,soja
8082,soja
8083,soja
8084,soja
8097,soja
8099,soja
8100,soja
8159,soja
8160,soja
8161,soja
8162,soja
8163,soja
8180,soja
8181,soja
8182,soja
8183,soja
8186,soja
8197,soja
8218,soja
8219,soja
8220,soja
8226,soja
8230,soja
8244,soja
8258,soja
8259,soja
8260,soja
8261,soja
8262,soja
8263,soja
8273,soja
8278,soja
8281,soja
8282,soja
8283,soja
8284,soja
8285,soja
8286,soja
8287,soja
8293,soja
8319,soja
8321,soja
8322,soja
8400,soja
8401,soja
8420,soja
8430,soja
8435,soja
8485,soja
8486,soja
8488,soja
8492,soja
8508,soja
8509,soja
8558,soja
8559,soja
8561,soja
8563,soja
8574,soja
8589,soja
8592,soja
8603,soja
8604,soja
8605,soja
8613,soja
8645,soja
8646,soja
8658,soja
8660,soja
8662,soja
8663,soja
8674,soja
8697,soja
8708,soja
8709,soja
8721,soja
8726,soja
8728,soja
8730,soja
8738,soja
8743,soja
8746,soja
8747,soja
8748,soja
8749,soja
8750,soja
8751,soja
8752,soja
8753,soja
8754,soja
8832,soja
8833,soja
8834,soja
8917,soja
8918,soja
8919,soja
8928,soja
8932,soja
8937,soja
8938,soja
8939,soja
8940,soja
8941,soja
8979,soja
8980,soja
8985,soja
8986,soja
8987,soja
8988,soja
8989,soja
8990,soja
8991,soja
9021,soja
9022,soja
9023,soja
9024,soja
9043,soja
9045,soja
9154,soja
9202,soja
9229,soja
9230,soja
9239,soja
9278,soja
9289,soja
9300,soja
9302,soja
9303,soja
9304,soja
9338,soja
9340,soja
9341,soja
9342,soja
9348,soja
9349,soja
9367,soja
9372,soja
9383,soja
9385,soja
9395,soja
9412,soja
9413,soja
9414,soja
9419,soja
9423,soja
9438,soja
9457,soja
9460,soja
9481,soja
9482,soja
9496,soja
9505,soja
9516,soja
9530,soja
9534,soja
9604,soja
9608,soja
9610,soja
9611,soja
9627,soja
9670,soja
9682,soja
9687,soja
9690,soja
9699,soja
9700,soja
9701,soja
9702,soja
9716,soja
9717,soja
9718,soja
9719,soja
9722,soja
9723,soja
9724,soja
9725,soja
9726,soja
9727,soja
9757,soja
9759,soja
9760,soja
9766,soja
9801,soja
9803,soja
9804,soja
9805,soja
9806,soja
9807,soja
9808,soja
9809,soja
9810,soja
9811,soja
9812,soja
9813,soja
9829,soja
9837,soja
9838,soja
9840,soja
9841,soja
9842,soja
9873,soja
9887,soja
9889,soja
9891,soja
9892,soja
9896,soja
9899,soja
9901,soja
9902,soja
10020,soja
734,sorgo
1003,sorgo
1221,sorgo
1485,sorgo
1486,sorgo
1487,sorgo
2929,sorgo
